step;lr;trainingloss;trainingppl
   10;0.00;11.44;93129.01
   20;0.01;10.35;31152.83
   30;0.01;10.23;27789.09
   40;0.02;10.11;24702.21
   50;0.02; 9.94;20664.27
   60;0.03; 9.73;16858.32
   70;0.03; 9.54;13873.48
   80;0.04; 9.39;11949.79
   90;0.04; 9.20; 9911.50
  100;0.05; 8.98; 7973.42
  110;0.05; 8.82; 6747.77
  120;0.05; 8.62; 5535.52
  130;0.06; 8.48; 4809.79
  140;0.06; 8.33; 4151.79
  150;0.07; 8.18; 3586.29
  160;0.07; 8.03; 3086.14
  170;0.08; 7.88; 2645.62
  180;0.08; 7.83; 2503.77
  190;0.09; 7.71; 2232.94
  200;0.09; 7.61; 2023.70
  210;0.10; 7.58; 1966.38
  220;0.10; 7.57; 1945.16
  230;0.10; 7.49; 1782.27
  240;0.11; 7.45; 1723.94
  250;0.11; 7.22; 1365.71
  260;0.12; 7.30; 1474.26
  270;0.12; 7.27; 1435.21
  280;0.13; 7.16; 1288.75
  290;0.13; 7.18; 1313.19
  300;0.14; 7.18; 1314.06
  310;0.14; 7.04; 1137.26
  320;0.15; 7.08; 1182.25
  330;0.15; 7.06; 1164.39
  340;0.15; 7.00; 1101.80
  350;0.16; 6.97; 1061.05
  360;0.16; 6.99; 1080.94
  370;0.17; 6.99; 1086.65
  380;0.17; 7.01; 1107.25
  390;0.18; 7.00; 1094.85
  400;0.18; 6.80;  902.15
  410;0.19; 6.83;  921.68
  420;0.19; 6.74;  849.08
  430;0.20; 6.70;  814.62
  440;0.20; 6.71;  822.90
  450;0.20; 6.73;  834.92
  460;0.21; 6.73;  834.07
  470;0.21; 6.72;  826.86
  480;0.22; 6.71;  822.76
  490;0.22; 6.61;  739.53
  500;0.23; 6.57;  711.98
  510;0.23; 6.49;  660.70
  520;0.24; 6.57;  710.46
  530;0.24; 6.58;  720.23
  540;0.25; 6.60;  732.88
  550;0.25; 6.48;  650.87
  560;0.25; 6.52;  678.59
  570;0.26; 6.52;  676.97
  580;0.26; 6.61;  743.96
  590;0.27; 6.49;  661.73
  600;0.27; 6.46;  637.59
  610;0.28; 6.37;  586.88
  620;0.28; 6.40;  599.30
  630;0.29; 6.30;  547.05
  640;0.29; 6.37;  584.33
  650;0.30; 6.37;  585.77
  660;0.30; 6.35;  574.82
  670;0.30; 6.36;  579.18
  680;0.31; 6.31;  549.03
  690;0.31; 6.17;  477.41
  700;0.32; 6.14;  465.02
  710;0.32; 6.25;  519.13
  720;0.33; 6.27;  526.19
  730;0.33; 6.28;  536.25
  740;0.34; 6.30;  546.40
  750;0.34; 6.20;  495.21
  760;0.35; 6.29;  537.33
  770;0.35; 6.33;  559.77
  780;0.35; 6.19;  487.28
  790;0.36; 6.16;  471.82
  800;0.36; 6.25;  519.05
  810;0.37; 6.30;  542.15
  820;0.37; 6.22;  501.07
  830;0.38; 6.07;  433.09
  840;0.38; 6.06;  428.65
  850;0.39; 6.06;  429.73
  860;0.39; 6.13;  460.21
  870;0.40; 6.23;  505.52
  880;0.40; 6.04;  419.11
  890;0.40; 6.06;  427.58
  900;0.41; 6.17;  477.24
  910;0.41; 6.18;  481.59
  920;0.42; 6.08;  438.63
  930;0.42; 6.24;  512.54
  940;0.43; 6.18;  481.71
  950;0.43; 6.05;  422.48
  960;0.44; 5.96;  388.86
  970;0.44; 5.99;  398.64
  980;0.45; 5.99;  401.02
  990;0.45; 6.07;  432.86
 1000;0.45; 6.04;  421.88
 1010;0.46; 6.03;  417.49
 1020;0.46; 5.94;  379.96
 1030;0.47; 5.94;  378.09
 1040;0.47; 5.90;  366.62
 1050;0.48; 5.84;  345.21
 1060;0.48; 5.84;  343.29
 1070;0.49; 5.93;  377.39
 1080;0.49; 5.89;  362.51
 1090;0.50; 5.92;  372.60
 1100;0.50; 5.89;  363.21
 1110;0.50; 6.08;  438.26
 1120;0.51; 5.95;  383.27
 1130;0.51; 5.99;  400.14
 1140;0.52; 5.95;  382.84
 1150;0.52; 5.99;  398.10
 1160;0.53; 5.80;  331.94
 1170;0.53; 5.86;  350.20
 1180;0.54; 5.97;  392.20
 1190;0.54; 5.80;  330.57
 1200;0.55; 6.00;  405.01
 1210;0.55; 6.03;  416.16
 1220;0.55; 5.88;  357.57
 1230;0.56; 5.81;  333.65
 1240;0.56; 5.81;  334.61
 1250;0.57; 5.89;  360.40
 1260;0.57; 5.98;  395.33
 1270;0.58; 5.88;  356.80
 1280;0.58; 5.78;  323.91
 1290;0.59; 5.80;  328.75
 1300;0.59; 5.80;  329.45
 1310;0.60; 5.72;  303.46
 1320;0.60; 5.85;  347.93
 1330;0.60; 5.84;  344.38
 1340;0.61; 5.85;  347.46
 1350;0.61; 5.80;  328.70
 1360;0.62; 5.82;  336.98
 1370;0.62; 5.77;  321.35
 1380;0.63; 5.78;  322.85
 1400;0.64; 6.36;  578.59
 1410;0.64; 5.81;  334.18
 1420;0.65; 5.70;  298.97
 1430;0.65; 5.82;  337.35
 1440;0.65; 5.84;  344.05
 1450;0.66; 5.79;  326.85
 1460;0.66; 5.73;  306.46
 1470;0.67; 5.83;  340.08
 1480;0.67; 5.85;  346.51
 1490;0.68; 5.84;  344.71
 1500;0.68; 5.77;  320.67
 1510;0.69; 5.71;  302.85
 1520;0.69; 5.76;  316.84
 1530;0.70; 5.85;  347.19
 1540;0.70; 5.81;  335.25
 1550;0.70; 5.80;  331.48
 1560;0.71; 5.78;  324.34
 1570;0.71; 5.85;  345.93
 1580;0.72; 5.83;  339.45
 1590;0.72; 5.64;  282.22
 1600;0.73; 5.68;  291.64
 1610;0.73; 5.78;  324.39
 1620;0.74; 5.75;  314.90
 1630;0.74; 5.82;  335.36
 1640;0.75; 5.60;  271.56
 1650;0.75; 5.74;  310.78
 1660;0.75; 5.75;  315.06
 1670;0.76; 5.65;  283.32
 1680;0.76; 5.72;  305.99
 1690;0.77; 5.80;  331.30
 1700;0.77; 5.62;  276.04
 1710;0.78; 5.74;  310.64
 1720;0.78; 5.73;  308.12
 1730;0.79; 5.73;  308.65
 1740;0.79; 5.68;  292.20
 1750;0.80; 5.79;  326.26
 1760;0.80; 5.79;  326.81
 1770;0.80; 5.81;  332.21
 1780;0.81; 5.87;  352.73
 1790;0.81; 5.70;  299.64
 1800;0.82; 5.71;  302.42
 1810;0.82; 5.70;  299.08
 1820;0.83; 5.59;  268.88
 1830;0.83; 5.66;  285.74
 1840;0.84; 5.71;  300.44
 1850;0.84; 5.70;  298.40
 1860;0.85; 5.75;  312.74
 1870;0.85; 5.73;  307.19
 1880;0.85; 5.63;  277.40
 1890;0.86; 5.65;  283.45
 1900;0.86; 5.52;  250.40
 1910;0.87; 5.62;  275.44
 1920;0.87; 5.68;  292.72
 1930;0.88; 5.67;  289.42
 1940;0.88; 5.61;  272.08
 1950;0.89; 5.65;  284.25
 1960;0.89; 5.62;  276.79
 1970;0.90; 5.78;  322.58
 1980;0.90; 5.67;  289.37
 1990;0.90; 5.63;  278.69
 2000;0.91; 5.57;  262.71
 2010;0.91; 5.59;  267.17
 2020;0.92; 5.54;  253.62
 2030;0.92; 5.59;  268.09
 2040;0.93; 5.61;  273.69
 2050;0.93; 5.60;  269.64
 2060;0.94; 5.62;  275.91
 2070;0.94; 5.57;  262.90
 2080;0.95; 5.44;  229.99
 2090;0.95; 5.44;  231.20
 2100;0.95; 5.51;  247.13
 2110;0.96; 5.54;  253.59
 2120;0.96; 5.54;  255.84
 2130;0.97; 5.58;  264.34
 2140;0.97; 5.53;  251.63
 2150;0.98; 5.64;  281.52
 2160;0.98; 5.64;  281.79
 2170;0.99; 5.53;  253.16
 2180;0.99; 5.47;  238.22
 2190;1.00; 5.62;  275.40
 2200;1.00; 5.66;  285.83
 2210;1.00; 5.54;  254.55
 2220;1.01; 5.45;  231.72
 2230;1.01; 5.40;  220.84
 2240;1.02; 5.41;  223.31
 2250;1.02; 5.50;  243.88
 2260;1.03; 5.61;  271.91
 2270;1.03; 5.42;  227.00
 2280;1.04; 5.43;  228.77
 2290;1.04; 5.56;  259.69
 2300;1.05; 5.58;  264.49
 2310;1.05; 5.49;  242.26
 2320;1.05; 5.65;  284.27
 2330;1.06; 5.58;  264.95
 2340;1.06; 5.48;  239.81
 2350;1.07; 5.42;  226.09
 2360;1.07; 5.43;  227.10
 2370;1.08; 5.43;  227.56
 2380;1.08; 5.51;  247.55
 2390;1.09; 5.52;  250.41
 2400;1.09; 5.48;  238.78
 2410;1.10; 5.42;  224.90
 2420;1.10; 5.39;  218.57
 2430;1.10; 5.38;  216.13
 2440;1.11; 5.26;  193.14
 2450;1.11; 5.32;  204.41
 2460;1.12; 5.42;  226.18
 2470;1.12; 5.38;  217.73
 2480;1.13; 5.45;  231.87
 2490;1.13; 5.43;  227.46
 2500;1.14; 5.61;  273.34
 2510;1.14; 5.43;  227.12
 2520;1.15; 5.49;  241.60
 2530;1.15; 5.47;  237.33
 2540;1.15; 5.49;  242.95
 2550;1.16; 5.30;  199.58
 2560;1.16; 5.37;  215.51
 2570;1.17; 5.49;  242.39
 2580;1.17; 5.34;  208.20
 2590;1.18; 5.52;  250.19
 2600;1.18; 5.55;  257.68
 2610;1.19; 5.39;  218.70
 2620;1.19; 5.38;  216.97
 2630;1.20; 5.35;  210.56
 2640;1.20; 5.42;  226.99
 2650;1.20; 5.51;  245.96
 2660;1.21; 5.42;  226.83
 2670;1.21; 5.33;  206.21
 2680;1.22; 5.33;  205.52
 2690;1.22; 5.34;  208.81
 2700;1.23; 5.29;  197.65
 2710;1.23; 5.43;  227.36
 2720;1.24; 5.37;  215.73
 2730;1.24; 5.44;  230.65
 2740;1.24; 5.40;  220.84
 2750;1.25; 5.39;  220.22
 2760;1.25; 5.32;  204.00
 2770;1.26; 5.34;  207.65
 2790;1.27; 5.90;  366.21
 2800;1.27; 5.35;  211.05
 2810;1.28; 5.32;  204.14
 2820;1.28; 5.39;  220.20
 2830;1.29; 5.39;  219.85
 2840;1.29; 5.35;  210.85
 2850;1.29; 5.27;  195.06
 2860;1.30; 5.41;  223.54
 2870;1.30; 5.45;  231.74
 2880;1.31; 5.43;  229.18
 2890;1.31; 5.36;  212.61
 2900;1.32; 5.28;  196.66
 2910;1.32; 5.34;  208.11
 2920;1.33; 5.42;  226.43
 2930;1.33; 5.40;  222.33
 2940;1.34; 5.42;  226.46
 2950;1.34; 5.36;  212.53
 2960;1.34; 5.47;  236.39
 2970;1.35; 5.39;  219.63
 2980;1.35; 5.22;  184.86
 2990;1.36; 5.29;  198.23
 3000;1.36; 5.39;  219.04
 3010;1.37; 5.36;  213.72
 3020;1.37; 5.42;  225.40
 3030;1.38; 5.22;  184.78
 3040;1.38; 5.32;  205.38
 3050;1.39; 5.34;  209.31
 3060;1.39; 5.23;  186.51
 3070;1.39; 5.34;  207.91
 3080;1.40; 5.41;  224.23
 3090;1.40; 5.25;  190.42
 3100;1.41; 5.37;  215.08
 3110;1.41; 5.37;  214.70
 3120;1.42; 5.31;  201.89
 3130;1.42; 5.30;  201.08
 3140;1.43; 5.42;  226.64
 3150;1.43; 5.44;  229.85
 3160;1.44; 5.44;  230.47
 3170;1.44; 5.51;  246.75
 3180;1.44; 5.31;  202.45
 3190;1.45; 5.37;  214.47
 3200;1.45; 5.33;  206.81
 3210;1.46; 5.24;  187.85
 3220;1.46; 5.30;  201.21
 3230;1.47; 5.33;  206.87
 3240;1.47; 5.36;  212.15
 3250;1.48; 5.40;  221.65
 3260;1.48; 5.37;  214.28
 3270;1.49; 5.24;  188.40
 3280;1.49; 5.29;  197.39
 3290;1.49; 5.15;  172.39
 3300;1.50; 5.25;  190.91
 3310;1.50; 5.30;  200.86
 3320;1.51; 5.30;  200.60
 3330;1.51; 5.23;  187.60
 3340;1.52; 5.28;  196.28
 3350;1.52; 5.27;  194.25
 3360;1.53; 5.39;  220.19
 3370;1.53; 5.31;  202.60
 3380;1.54; 5.26;  193.36
 3390;1.54; 5.20;  181.90
 3400;1.54; 5.21;  183.82
 3410;1.55; 5.17;  175.58
 3420;1.55; 5.25;  191.18
 3430;1.56; 5.23;  186.92
 3440;1.56; 5.26;  192.77
 3450;1.57; 5.27;  194.69
 3460;1.57; 5.22;  184.93
 3470;1.58; 5.09;  162.47
 3480;1.58; 5.14;  170.63
 3490;1.59; 5.17;  175.71
 3500;1.59; 5.18;  178.10
 3510;1.59; 5.17;  175.92
 3520;1.60; 5.22;  185.30
 3530;1.60; 5.17;  176.09
 3540;1.61; 5.27;  195.38
 3550;1.61; 5.27;  193.80
 3560;1.62; 5.18;  178.06
 3570;1.62; 5.13;  169.79
 3580;1.63; 5.25;  190.99
 3590;1.63; 5.28;  195.63
 3600;1.64; 5.20;  181.69
 3610;1.64; 5.09;  162.97
 3620;1.64; 5.05;  156.45
 3630;1.65; 5.07;  158.65
 3640;1.65; 5.16;  173.60
 3650;1.66; 5.26;  192.92
 3660;1.66; 5.09;  163.05
 3670;1.67; 5.08;  161.55
 3680;1.67; 5.22;  185.71
 3690;1.68; 5.23;  187.24
 3700;1.68; 5.14;  170.28
 3710;1.69; 5.32;  205.21
 3720;1.69; 5.21;  182.18
 3730;1.69; 5.11;  165.36
 3740;1.70; 5.12;  167.67
 3750;1.70; 5.06;  158.35
 3760;1.71; 5.05;  156.49
 3770;1.71; 5.17;  175.80
 3780;1.72; 5.20;  180.98
 3790;1.72; 5.13;  169.01
 3800;1.73; 5.10;  163.22
 3810;1.73; 5.02;  152.09
 3820;1.74; 5.04;  154.42
 3830;1.74; 4.91;  135.48
 3840;1.74; 4.95;  141.72
 3850;1.75; 5.09;  162.87
 3860;1.75; 5.04;  154.62
 3870;1.76; 5.13;  169.31
 3880;1.76; 5.10;  164.59
 3890;1.77; 5.29;  198.09
 3900;1.77; 5.12;  167.55
 3910;1.78; 5.16;  174.70
 3920;1.78; 5.13;  168.26
 3930;1.79; 5.15;  172.30
 3940;1.79; 4.96;  142.24
 3950;1.79; 5.05;  156.12
 3960;1.80; 5.16;  173.89
 3970;1.80; 5.01;  150.08
 3980;1.81; 5.21;  183.09
 3990;1.81; 5.23;  186.79
 4000;1.82; 5.05;  155.74
 4010;1.81; 5.04;  155.09
 4020;1.81; 5.03;  153.68
 4030;1.81; 5.08;  160.35
 4040;1.81; 5.18;  177.92
 4050;1.81; 5.07;  159.85
 4060;1.80; 5.01;  149.71
 4070;1.80; 4.98;  144.77
 4080;1.80; 5.04;  154.23
 4090;1.80; 4.97;  144.71
 4100;1.79; 5.07;  159.89
 4110;1.79; 5.08;  160.93
 4120;1.79; 5.10;  164.56
 4130;1.79; 5.06;  156.90
 4140;1.79; 5.07;  158.75
 4150;1.78; 4.97;  144.60
 4160;1.78; 5.00;  147.88
 4180;1.78; 5.54;  254.02
 4190;1.77; 5.04;  154.24
 4200;1.77; 5.00;  148.75
 4210;1.77; 5.08;  161.12
 4220;1.77; 5.07;  159.69
 4230;1.77; 5.03;  153.10
 4240;1.76; 4.94;  140.46
 4250;1.76; 5.11;  166.49
 4260;1.76; 5.12;  167.14
 4270;1.76; 5.12;  167.80
 4280;1.76; 5.03;  153.35
 4290;1.75; 4.95;  141.62
 4300;1.75; 5.02;  151.95
 4310;1.75; 5.08;  161.35
 4320;1.75; 5.07;  159.17
 4330;1.75; 5.11;  165.42
 4340;1.74; 5.04;  155.23
 4350;1.74; 5.13;  168.69
 4360;1.74; 5.11;  165.61
 4370;1.74; 4.91;  135.16
 4380;1.74; 4.96;  142.19
 4390;1.73; 5.05;  156.67
 4400;1.73; 5.03;  153.57
 4410;1.73; 5.10;  164.33
 4420;1.73; 4.89;  132.67
 4430;1.73; 5.02;  152.17
 4440;1.72; 5.03;  153.30
 4450;1.72; 4.93;  138.78
 4460;1.72; 5.02;  152.01
 4470;1.72; 5.10;  163.40
 4480;1.72; 4.95;  140.50
 4490;1.71; 5.03;  153.23
 4500;1.71; 5.03;  153.41
 4510;1.71; 5.02;  151.97
 4520;1.71; 4.99;  146.84
 4530;1.71; 5.09;  162.86
 4540;1.71; 5.14;  171.31
 4550;1.70; 5.13;  169.36
 4560;1.70; 5.19;  180.04
 4570;1.70; 4.99;  147.55
 4580;1.70; 5.04;  153.71
 4590;1.70; 5.01;  149.26
 4600;1.69; 4.92;  136.39
 4610;1.69; 4.98;  145.59
 4620;1.69; 5.00;  148.22
 4630;1.69; 5.02;  152.08
 4640;1.69; 5.10;  163.94
 4650;1.68; 5.05;  156.20
 4660;1.68; 4.93;  138.26
 4670;1.68; 4.96;  142.61
 4680;1.68; 4.79;  120.40
 4690;1.68; 4.94;  139.16
 4700;1.68; 4.97;  143.34
 4710;1.67; 4.97;  143.73
 4720;1.67; 4.87;  130.42
 4730;1.67; 4.97;  144.66
 4740;1.67; 4.96;  142.38
 4750;1.67; 5.08;  160.17
 4760;1.67; 5.00;  148.66
 4770;1.66; 4.94;  139.67
 4780;1.66; 4.91;  135.59
 4790;1.66; 4.92;  137.40
 4800;1.66; 4.86;  128.69
 4810;1.66; 4.91;  135.43
 4820;1.65; 4.93;  138.99
 4830;1.65; 4.95;  140.67
 4840;1.65; 4.96;  141.90
 4850;1.65; 4.89;  133.12
 4860;1.65; 4.79;  119.92
 4870;1.65; 4.81;  123.11
 4880;1.64; 4.88;  131.51
 4890;1.64; 4.88;  131.83
 4900;1.64; 4.86;  129.00
 4910;1.64; 4.90;  133.79
 4920;1.64; 4.84;  126.61
 4930;1.64; 4.96;  142.66
 4940;1.63; 4.97;  144.37
 4950;1.63; 4.87;  130.72
 4960;1.63; 4.81;  122.40
 4970;1.63; 4.95;  140.84
 4980;1.63; 4.96;  143.06
 4990;1.63; 4.89;  133.48
 5000;1.62; 4.79;  120.70
 5010;1.62; 4.74;  114.06
 5020;1.62; 4.76;  116.96
 5030;1.62; 4.85;  127.75
 5040;1.62; 4.96;  143.24
 5050;1.62; 4.77;  117.82
 5060;1.62; 4.76;  116.23
 5070;1.61; 4.92;  137.04
 5080;1.61; 4.91;  135.36
 5090;1.61; 4.83;  125.56
 5100;1.61; 5.02;  150.83
 5110;1.61; 4.92;  136.72
 5120;1.61; 4.82;  124.29
 5130;1.60; 4.80;  121.63
 5140;1.60; 4.74;  114.88
 5150;1.60; 4.76;  117.28
 5160;1.60; 4.85;  128.27
 5170;1.60; 4.89;  132.98
 5180;1.60; 4.85;  127.78
 5190;1.59; 4.79;  120.59
 5200;1.59; 4.71;  111.27
 5210;1.59; 4.73;  113.07
 5220;1.59; 4.59;   98.05
 5230;1.59; 4.67;  106.33
 5240;1.59; 4.80;  121.85
 5250;1.59; 4.75;  115.31
 5260;1.58; 4.82;  124.27
 5270;1.58; 4.78;  118.78
 5280;1.58; 5.00;  148.49
 5290;1.58; 4.79;  120.34
 5300;1.58; 4.84;  126.79
 5310;1.58; 4.83;  124.59
 5320;1.58; 4.87;  129.89
 5330;1.57; 4.65;  105.07
 5340;1.57; 4.75;  116.01
 5350;1.57; 4.85;  127.39
 5360;1.57; 4.71;  110.63
 5370;1.57; 4.93;  138.07
 5380;1.57; 4.96;  143.29
 5390;1.56; 4.76;  116.20
 5400;1.56; 4.76;  117.26
 5410;1.56; 4.76;  116.17
 5420;1.56; 4.80;  121.47
 5430;1.56; 4.92;  136.47
 5440;1.56; 4.79;  120.73
 5450;1.56; 4.71;  110.61
 5460;1.55; 4.71;  111.51
 5470;1.55; 4.77;  117.50
 5480;1.55; 4.70;  109.67
 5490;1.55; 4.83;  125.08
 5500;1.55; 4.80;  122.05
 5510;1.55; 4.83;  125.47
 5520;1.55; 4.77;  118.43
 5530;1.55; 4.80;  121.28
 5540;1.54; 4.71;  110.75
 5550;1.54; 4.72;  111.79
 5570;1.54; 5.24;  188.51
 5580;1.54; 4.78;  119.16
 5590;1.54; 4.77;  117.44
 5600;1.54; 4.83;  124.83
 5610;1.53; 4.82;  123.40
 5620;1.53; 4.78;  119.46
 5630;1.53; 4.68;  107.44
 5640;1.53; 4.84;  126.71
 5650;1.53; 4.87;  130.86
 5660;1.53; 4.88;  131.18
 5670;1.53; 4.79;  120.75
 5680;1.52; 4.69;  108.40
 5690;1.52; 4.76;  116.17
 5700;1.52; 4.83;  125.31
 5710;1.52; 4.82;  124.23
 5720;1.52; 4.84;  126.93
 5730;1.52; 4.80;  121.72
 5740;1.52; 4.87;  130.21
 5750;1.52; 4.87;  129.97
 5760;1.51; 4.67;  106.51
 5770;1.51; 4.72;  112.03
 5780;1.51; 4.81;  122.56
 5790;1.51; 4.82;  123.58
 5800;1.51; 4.86;  129.13
 5810;1.51; 4.67;  106.31
 5820;1.51; 4.78;  118.74
 5830;1.50; 4.79;  120.38
 5840;1.50; 4.70;  109.83
 5850;1.50; 4.79;  120.35
 5860;1.50; 4.86;  129.62
 5870;1.50; 4.72;  111.70
 5880;1.50; 4.79;  119.93
 5890;1.50; 4.79;  120.57
 5900;1.50; 4.80;  121.87
 5910;1.49; 4.76;  117.13
 5920;1.49; 4.86;  129.16
 5930;1.49; 4.91;  135.40
 5940;1.49; 4.92;  137.12
 5950;1.49; 4.97;  144.37
 5960;1.49; 4.79;  120.34
 5970;1.49; 4.80;  121.27
 5980;1.49; 4.76;  116.87
 5990;1.48; 4.69;  108.45
 6000;1.48; 4.76;  116.76
 6010;1.48; 4.79;  119.86
 6020;1.48; 4.83;  124.66
 6030;1.48; 4.90;  134.15
 6040;1.48; 4.84;  127.08
 6050;1.48; 4.71;  111.44
 6060;1.48; 4.76;  116.44
 6070;1.47; 4.59;   98.48
 6080;1.47; 4.73;  112.80
 6090;1.47; 4.76;  116.88
 6100;1.47; 4.76;  116.48
 6110;1.47; 4.66;  105.80
 6120;1.47; 4.74;  114.87
 6130;1.47; 4.76;  116.49
 6140;1.47; 4.88;  131.23
 6150;1.47; 4.79;  120.67
 6160;1.46; 4.71;  111.21
 6170;1.46; 4.70;  110.32
 6180;1.46; 4.72;  112.00
 6190;1.46; 4.64;  103.38
 6200;1.46; 4.70;  109.74
 6210;1.46; 4.73;  113.47
 6220;1.46; 4.75;  115.47
 6230;1.46; 4.77;  117.55
 6240;1.45; 4.70;  109.71
 6250;1.45; 4.59;   98.44
 6260;1.45; 4.60;   99.82
 6270;1.45; 4.69;  108.77
 6280;1.45; 4.68;  108.03
 6290;1.45; 4.67;  106.77
 6300;1.45; 4.70;  109.72
 6310;1.45; 4.63;  102.16
 6320;1.45; 4.76;  116.55
 6330;1.44; 4.77;  118.40
 6340;1.44; 4.67;  106.58
 6350;1.44; 4.62;  101.38
 6360;1.44; 4.75;  115.56
 6370;1.44; 4.75;  116.06
 6380;1.44; 4.71;  110.93
 6390;1.44; 4.62;  101.57
 6400;1.44; 4.54;   93.85
 6410;1.44; 4.58;   97.77
 6420;1.43; 4.65;  104.55
 6430;1.43; 4.79;  120.20
 6440;1.43; 4.60;   99.25
 6450;1.43; 4.58;   97.47
 6460;1.43; 4.73;  112.91
 6470;1.43; 4.72;  112.23
 6480;1.43; 4.64;  103.68
 6490;1.43; 4.81;  123.11
 6500;1.43; 4.74;  114.21
 6510;1.42; 4.65;  104.95
 6520;1.42; 4.62;  101.24
 6530;1.42; 4.57;   96.42
 6540;1.42; 4.57;   96.84
 6550;1.42; 4.70;  110.47
 6560;1.42; 4.72;  112.04
 6570;1.42; 4.68;  107.80
 6580;1.42; 4.60;   99.62
 6590;1.42; 4.54;   93.66
 6600;1.41; 4.56;   95.13
 6610;1.41; 4.41;   82.43
 6620;1.41; 4.47;   87.24
 6630;1.41; 4.64;  103.50
 6640;1.41; 4.56;   95.35
 6650;1.41; 4.65;  104.89
 6660;1.41; 4.61;  100.56
 6670;1.41; 4.81;  122.42
 6680;1.41; 4.62;  101.41
 6690;1.40; 4.68;  107.34
 6700;1.40; 4.65;  105.10
 6710;1.40; 4.71;  111.19
 6720;1.40; 4.49;   89.26
 6730;1.40; 4.58;   97.90
 6740;1.40; 4.68;  107.90
 6750;1.40; 4.55;   94.74
 6760;1.40; 4.77;  117.87
 6770;1.40; 4.81;  123.04
 6780;1.40; 4.58;   97.36
 6790;1.39; 4.59;   98.14
 6800;1.39; 4.60;   99.36
 6810;1.39; 4.64;  103.94
 6820;1.39; 4.75;  115.69
 6830;1.39; 4.63;  102.92
 6840;1.39; 4.54;   93.58
 6850;1.39; 4.57;   96.55
 6860;1.39; 4.59;   98.79
 6870;1.39; 4.52;   92.29
 6880;1.39; 4.66;  106.05
 6890;1.38; 4.65;  104.31
 6900;1.38; 4.68;  108.11
 6910;1.38; 4.64;  103.12
 6920;1.38; 4.66;  105.29
 6930;1.38; 4.55;   95.02
 6940;1.38; 4.57;   96.99
 6960;1.38; 5.07;  159.67
 6970;1.38; 4.62;  101.21
 6980;1.38; 4.62;  101.94
 6990;1.37; 4.67;  106.26
 7000;1.37; 4.66;  105.91
 7010;1.37; 4.64;  103.36
 7020;1.37; 4.53;   93.00
 7030;1.37; 4.68;  108.00
 7040;1.37; 4.72;  112.40
 7050;1.37; 4.71;  111.48
 7060;1.37; 4.65;  104.90
 7070;1.37; 4.54;   93.84
 7080;1.37; 4.60;   99.60
 7090;1.36; 4.68;  107.51
 7100;1.36; 4.67;  106.78
 7110;1.36; 4.69;  108.93
 7120;1.36; 4.65;  105.07
 7130;1.36; 4.71;  111.03
 7140;1.36; 4.72;  112.15
 7150;1.36; 4.53;   92.31
 7160;1.36; 4.58;   97.62
 7170;1.36; 4.67;  106.40
 7180;1.36; 4.68;  108.07
 7190;1.36; 4.69;  109.38
 7200;1.35; 4.52;   91.92
 7210;1.35; 4.62;  101.58
 7220;1.35; 4.64;  103.55
 7230;1.35; 4.56;   95.16
 7240;1.35; 4.64;  104.02
 7250;1.35; 4.73;  113.08
 7260;1.35; 4.57;   96.08
 7270;1.35; 4.64;  104.06
 7280;1.35; 4.66;  105.40
 7290;1.35; 4.66;  106.00
 7300;1.34; 4.62;  101.58
 7310;1.34; 4.70;  109.71
 7320;1.34; 4.78;  118.93
 7330;1.34; 4.77;  117.71
 7340;1.34; 4.84;  126.25
 7350;1.34; 4.65;  104.77
 7360;1.34; 4.66;  105.37
 7370;1.34; 4.63;  102.54
 7380;1.34; 4.56;   95.47
 7390;1.34; 4.62;  101.97
 7400;1.34; 4.65;  104.57
 7410;1.33; 4.68;  108.15
 7420;1.33; 4.75;  115.01
 7430;1.33; 4.71;  110.62
 7440;1.33; 4.58;   97.28
 7450;1.33; 4.61;  100.93
 7460;1.33; 4.44;   85.02
 7470;1.33; 4.58;   97.89
 7480;1.33; 4.62;  101.73
 7490;1.33; 4.61;  100.64
 7500;1.33; 4.51;   91.35
 7510;1.33; 4.61;  100.44
 7520;1.32; 4.63;  102.22
 7530;1.32; 4.72;  112.15
 7540;1.32; 4.66;  105.52
 7550;1.32; 4.57;   96.75
 7560;1.32; 4.58;   97.19
 7570;1.32; 4.58;   97.98
 7580;1.32; 4.50;   90.25
 7590;1.32; 4.55;   94.94
 7600;1.32; 4.61;  100.45
 7610;1.32; 4.62;  101.42
 7620;1.32; 4.63;  102.10
 7630;1.32; 4.56;   95.98
 7640;1.31; 4.45;   85.62
 7650;1.31; 4.47;   87.29
 7660;1.31; 4.56;   95.35
 7670;1.31; 4.55;   94.46
 7680;1.31; 4.55;   94.39
 7690;1.31; 4.57;   96.18
 7700;1.31; 4.50;   90.04
 7710;1.31; 4.64;  103.52
 7720;1.31; 4.64;  104.01
 7730;1.31; 4.55;   94.94
 7740;1.31; 4.49;   89.01
 7750;1.31; 4.62;  101.73
 7760;1.30; 4.61;  100.67
 7770;1.30; 4.59;   98.37
 7780;1.30; 4.50;   89.72
 7790;1.30; 4.42;   83.43
 7800;1.30; 4.46;   86.78
 7810;1.30; 4.52;   91.69
 7820;1.30; 4.66;  105.21
 7830;1.30; 4.48;   88.41
 7840;1.30; 4.46;   86.80
 7850;1.30; 4.60;   99.55
 7860;1.30; 4.60;   99.05
 7870;1.30; 4.51;   91.18
 7880;1.29; 4.69;  108.44
 7890;1.29; 4.61;  100.36
 7900;1.29; 4.53;   93.05
 7910;1.29; 4.50;   90.34
 7920;1.29; 4.46;   86.08
 7930;1.29; 4.46;   86.09
 7940;1.29; 4.58;   97.99
 7950;1.29; 4.59;   98.54
 7960;1.29; 4.55;   94.59
 7970;1.29; 4.49;   89.14
 7980;1.29; 4.39;   80.80
 7990;1.29; 4.44;   84.51
 8000;1.28; 4.30;   73.54
 8010;1.28; 4.36;   78.39
 8020;1.28; 4.53;   92.53
 8030;1.28; 4.45;   85.29
 8040;1.28; 4.54;   93.39
 8050;1.28; 4.48;   88.67
 8060;1.28; 4.69;  108.69
 8070;1.28; 4.51;   90.58
 8080;1.28; 4.55;   94.41
 8090;1.28; 4.52;   91.83
 8100;1.28; 4.60;   99.67
 8110;1.28; 4.36;   78.04
 8120;1.28; 4.47;   87.20
 8130;1.27; 4.58;   97.24
 8140;1.27; 4.44;   84.52
 8150;1.27; 4.64;  103.62
 8160;1.27; 4.69;  109.31
 8170;1.27; 4.48;   88.18
 8180;1.27; 4.49;   89.24
 8190;1.27; 4.48;   88.51
 8200;1.27; 4.52;   91.79
 8210;1.27; 4.64;  103.65
 8220;1.27; 4.52;   92.04
 8230;1.27; 4.42;   83.44
 8240;1.27; 4.46;   86.40
 8250;1.26; 4.49;   88.83
 8260;1.26; 4.43;   83.79
 8270;1.26; 4.55;   94.35
 8280;1.26; 4.54;   93.97
 8290;1.26; 4.56;   95.53
 8300;1.26; 4.52;   91.91
 8310;1.26; 4.53;   93.17
 8320;1.26; 4.45;   85.92
 8330;1.26; 4.46;   86.66
 8350;1.26; 4.95;  141.72
 8360;1.26; 4.51;   91.27
 8370;1.26; 4.52;   91.65
 8380;1.26; 4.56;   95.71
 8390;1.25; 4.55;   94.70
 8400;1.25; 4.53;   92.41
 8410;1.25; 4.42;   82.97
 8420;1.25; 4.58;   97.61
 8430;1.25; 4.61;  100.56
 8440;1.25; 4.60;   99.71
 8450;1.25; 4.55;   94.53
 8460;1.25; 4.42;   83.32
 8470;1.25; 4.50;   89.83
 8480;1.25; 4.58;   97.12
 8490;1.25; 4.57;   96.24
 8500;1.25; 4.58;   97.99
 8510;1.25; 4.54;   93.73
 8520;1.24; 4.60;   99.06
 8530;1.24; 4.59;   98.87
 8540;1.24; 4.43;   84.12
 8550;1.24; 4.47;   87.43
 8560;1.24; 4.56;   95.24
 8570;1.24; 4.57;   96.51
 8580;1.24; 4.59;   98.85
 8590;1.24; 4.41;   82.42
 8600;1.24; 4.51;   91.03
 8610;1.24; 4.54;   93.71
 8620;1.24; 4.46;   86.75
 8630;1.24; 4.54;   93.43
 8640;1.24; 4.62;  101.51
 8650;1.24; 4.47;   87.09
 8660;1.23; 4.55;   94.19
 8670;1.23; 4.54;   93.79
 8680;1.23; 4.55;   94.90
 8690;1.23; 4.52;   92.16
 8700;1.23; 4.60;   99.50
 8710;1.23; 4.67;  106.34
 8720;1.23; 4.68;  107.48
 8730;1.23; 4.73;  113.32
 8740;1.23; 4.55;   94.36
 8750;1.23; 4.55;   95.06
 8760;1.23; 4.52;   92.05
 8770;1.23; 4.45;   85.39
 8780;1.23; 4.52;   92.14
 8790;1.23; 4.56;   95.12
 8800;1.22; 4.57;   97.02
 8810;1.22; 4.65;  104.13
 8820;1.22; 4.62;  101.12
 8830;1.22; 4.47;   87.35
 8840;1.22; 4.52;   91.98
 8850;1.22; 4.35;   77.68
 8860;1.22; 4.48;   88.32
 8870;1.22; 4.52;   91.64
 8880;1.22; 4.51;   90.78
 8890;1.22; 4.42;   82.95
 8900;1.22; 4.50;   90.06
 8910;1.22; 4.53;   92.95
 8920;1.22; 4.62;  101.89
 8930;1.22; 4.55;   94.46
 8940;1.22; 4.47;   87.19
 8950;1.21; 4.47;   87.48
 8960;1.21; 4.47;   87.09
 8970;1.21; 4.40;   81.21
 8980;1.21; 4.46;   86.16
 8990;1.21; 4.51;   90.74
 9000;1.21; 4.53;   92.94
 9010;1.21; 4.53;   93.20
 9020;1.21; 4.48;   88.20
 9030;1.21; 4.36;   78.33
 9040;1.21; 4.37;   78.99
 9050;1.21; 4.45;   85.83
 9060;1.21; 4.46;   86.50
 9070;1.21; 4.46;   86.21
 9080;1.21; 4.47;   87.21
 9090;1.21; 4.41;   81.95
 9100;1.20; 4.54;   93.96
 9110;1.20; 4.54;   94.05
 9120;1.20; 4.45;   85.75
 9130;1.20; 4.38;   80.10
 9140;1.20; 4.51;   91.30
 9150;1.20; 4.52;   91.82
 9160;1.20; 4.49;   89.23
 9170;1.20; 4.40;   81.29
 9180;1.20; 4.34;   76.44
 9190;1.20; 4.38;   79.51
 9200;1.20; 4.44;   84.44
 9210;1.20; 4.57;   96.50
 9220;1.20; 4.39;   80.80
 9230;1.20; 4.36;   78.47
 9240;1.20; 4.49;   88.98
 9250;1.19; 4.49;   89.36
 9260;1.19; 4.41;   81.90
 9270;1.19; 4.59;   98.32
 9280;1.19; 4.52;   91.69
 9290;1.19; 4.43;   83.56
 9300;1.19; 4.40;   81.62
 9310;1.19; 4.36;   78.22
 9320;1.19; 4.37;   78.75
 9330;1.19; 4.48;   88.56
 9340;1.19; 4.50;   89.93
 9350;1.19; 4.45;   85.65
 9360;1.19; 4.40;   81.53
 9370;1.19; 4.30;   73.98
 9380;1.19; 4.34;   77.07
 9390;1.19; 4.20;   66.40
 9400;1.19; 4.27;   71.25
 9410;1.18; 4.44;   84.90
 9420;1.18; 4.34;   76.88
 9430;1.18; 4.45;   85.71
 9440;1.18; 4.39;   80.38
 9450;1.18; 4.58;   97.60
 9460;1.18; 4.41;   82.17
 9470;1.18; 4.46;   86.56
 9480;1.18; 4.43;   84.11
 9490;1.18; 4.52;   91.75
 9500;1.18; 4.29;   72.81
 9510;1.18; 4.38;   79.92
 9520;1.18; 4.48;   88.31
 9530;1.18; 4.35;   77.78
 9540;1.18; 4.55;   94.96
 9550;1.18; 4.61;  100.03
 9560;1.18; 4.38;   79.94
 9570;1.17; 4.40;   81.35
 9580;1.17; 4.39;   80.81
 9590;1.17; 4.43;   84.07
 9600;1.17; 4.55;   94.53
 9610;1.17; 4.44;   84.42
 9620;1.17; 4.35;   77.20
 9630;1.17; 4.37;   78.90
 9640;1.17; 4.41;   82.19
 9650;1.17; 4.33;   75.70
 9660;1.17; 4.45;   86.02
 9670;1.17; 4.46;   86.06
 9680;1.17; 4.47;   87.29
 9690;1.17; 4.43;   84.23
 9700;1.17; 4.44;   84.72
 9710;1.17; 4.36;   78.61
 9720;1.17; 4.36;   78.50
 9740;1.16; 4.86;  129.23
 9750;1.16; 4.42;   83.17
 9760;1.16; 4.43;   84.04
 9770;1.16; 4.46;   86.35
 9780;1.16; 4.47;   86.96
 9790;1.16; 4.44;   84.40
 9800;1.16; 4.33;   75.72
 9810;1.16; 4.49;   89.27
 9820;1.16; 4.53;   92.40
 9830;1.16; 4.51;   90.82
 9840;1.16; 4.47;   87.33
 9850;1.16; 4.33;   75.84
 9860;1.16; 4.40;   81.65
 9870;1.16; 4.48;   88.52
 9880;1.16; 4.48;   88.41
 9890;1.16; 4.49;   89.15
 9900;1.15; 4.45;   85.21
 9910;1.15; 4.51;   90.50
 9920;1.15; 4.51;   90.55
 9930;1.15; 4.34;   76.51
 9940;1.15; 4.39;   80.51
 9950;1.15; 4.46;   86.06
 9960;1.15; 4.49;   88.82
 9970;1.15; 4.51;   90.66
 9980;1.15; 4.33;   75.60
 9990;1.15; 4.43;   83.68
10000;1.15; 4.45;   85.52
10010;1.15; 4.38;   79.59
10020;1.15; 4.45;   85.89
10030;1.15; 4.54;   93.81
10040;1.15; 4.39;   80.36
10050;1.15; 4.46;   86.68
10060;1.15; 4.47;   87.12
10070;1.14; 4.46;   86.72
10080;1.14; 4.44;   84.61
10090;1.14; 4.50;   89.75
10100;1.14; 4.58;   97.10
10110;1.14; 4.59;   98.53
10120;1.14; 4.63;  102.69
10130;1.14; 4.48;   88.37
10140;1.14; 4.45;   85.50
10150;1.14; 4.43;   83.75
10160;1.14; 4.37;   79.25
10170;1.14; 4.45;   85.46
10180;1.14; 4.46;   86.13
10190;1.14; 4.49;   89.08
10200;1.14; 4.56;   95.95
10210;1.14; 4.53;   92.57
10220;1.14; 4.39;   80.90
10230;1.14; 4.44;   84.76
10240;1.14; 4.27;   71.79
10250;1.13; 4.40;   81.51
10260;1.13; 4.43;   84.32
10270;1.13; 4.43;   84.03
10280;1.13; 4.33;   75.81
10290;1.13; 4.42;   82.89
10300;1.13; 4.45;   85.51
10310;1.13; 4.54;   93.99
10320;1.13; 4.47;   87.77
10330;1.13; 4.38;   79.81
10340;1.13; 4.38;   80.18
10350;1.13; 4.40;   81.54
10360;1.13; 4.33;   75.75
10370;1.13; 4.38;   79.78
10380;1.13; 4.42;   83.32
10390;1.13; 4.46;   86.23
10400;1.13; 4.45;   85.39
10410;1.13; 4.37;   79.31
10420;1.13; 4.27;   71.78
10430;1.13; 4.29;   73.18
10440;1.12; 4.39;   80.34
10450;1.12; 4.37;   78.75
10460;1.12; 4.38;   79.71
10470;1.12; 4.38;   79.65
10480;1.12; 4.32;   75.50
10490;1.12; 4.47;   87.38
10500;1.12; 4.46;   86.46
10510;1.12; 4.38;   80.09
10520;1.12; 4.30;   73.96
10530;1.12; 4.44;   85.09
10540;1.12; 4.42;   83.33
10550;1.12; 4.41;   82.29
10560;1.12; 4.31;   74.67
10570;1.12; 4.26;   70.59
10580;1.12; 4.29;   73.04
10590;1.12; 4.35;   77.61
10600;1.12; 4.48;   87.89
10610;1.12; 4.31;   74.30
10620;1.11; 4.28;   72.51
10630;1.11; 4.42;   82.70
10640;1.11; 4.40;   81.41
10650;1.11; 4.33;   75.71
10660;1.11; 4.48;   88.19
10670;1.11; 4.44;   84.36
10680;1.11; 4.36;   78.22
10690;1.11; 4.33;   76.28
10700;1.11; 4.28;   72.52
10710;1.11; 4.28;   72.38
10720;1.11; 4.41;   81.91
10730;1.11; 4.41;   82.21
10740;1.11; 4.36;   78.57
10750;1.11; 4.33;   75.63
10760;1.11; 4.22;   68.10
10770;1.11; 4.26;   70.46
10780;1.11; 4.12;   61.41
10790;1.11; 4.20;   66.46
10800;1.11; 4.36;   78.42
10810;1.11; 4.27;   71.75
10820;1.10; 4.37;   78.80
10830;1.10; 4.33;   76.20
10840;1.10; 4.50;   89.60
10850;1.10; 4.32;   75.23
10860;1.10; 4.36;   78.51
10870;1.10; 4.36;   78.07
10880;1.10; 4.44;   84.96
10890;1.10; 4.22;   67.86
10900;1.10; 4.30;   73.47
10910;1.10; 4.40;   81.18
10920;1.10; 4.27;   71.67
10930;1.10; 4.49;   89.02
10940;1.10; 4.54;   93.32
10950;1.10; 4.30;   73.44
10960;1.10; 4.32;   75.29
10970;1.10; 4.30;   73.99
10980;1.10; 4.35;   77.84
10990;1.10; 4.47;   87.49
11000;1.10; 4.35;   77.85
11010;1.10; 4.25;   70.45
11020;1.09; 4.28;   72.39
11030;1.09; 4.34;   76.90
11040;1.09; 4.25;   70.06
11050;1.09; 4.38;   80.19
11060;1.09; 4.37;   79.18
11070;1.09; 4.40;   81.51
11080;1.09; 4.37;   78.95
11090;1.09; 4.37;   79.09
11100;1.09; 4.29;   72.63
11110;1.09; 4.29;   72.99
11130;1.09; 4.78;  119.42
11140;1.09; 4.35;   77.44
11150;1.09; 4.37;   78.73
11160;1.09; 4.39;   80.38
11170;1.09; 4.39;   80.36
11180;1.09; 4.38;   79.49
11190;1.09; 4.27;   71.41
11200;1.09; 4.42;   82.86
11210;1.09; 4.45;   85.58
11220;1.08; 4.43;   84.12
11230;1.08; 4.39;   80.58
11240;1.08; 4.26;   70.82
11250;1.08; 4.33;   76.10
11260;1.08; 4.40;   81.22
11270;1.08; 4.40;   81.46
11280;1.08; 4.41;   82.42
11290;1.08; 4.38;   79.65
11300;1.08; 4.41;   82.38
11310;1.08; 4.43;   83.78
11320;1.08; 4.28;   72.12
11330;1.08; 4.31;   74.58
11340;1.08; 4.40;   81.12
11350;1.08; 4.43;   83.54
11360;1.08; 4.43;   84.09
11370;1.08; 4.26;   70.88
11380;1.08; 4.36;   78.51
11390;1.08; 4.38;   79.63
11400;1.08; 4.31;   74.44
11410;1.08; 4.37;   79.40
11420;1.08; 4.46;   86.64
11430;1.07; 4.31;   74.81
11440;1.07; 4.38;   79.98
11450;1.07; 4.39;   81.03
11460;1.07; 4.39;   80.54
11470;1.07; 4.37;   78.85
11480;1.07; 4.42;   83.29
11490;1.07; 4.51;   90.65
11500;1.07; 4.52;   91.60
11510;1.07; 4.57;   96.35
11520;1.07; 4.41;   81.87
11530;1.07; 4.38;   80.11
11540;1.07; 4.36;   78.30
11550;1.07; 4.31;   74.34
11560;1.07; 4.38;   79.89
11570;1.07; 4.39;   80.64
11580;1.07; 4.42;   83.13
11590;1.07; 4.51;   90.49
11600;1.07; 4.45;   85.50
11610;1.07; 4.33;   75.82
11620;1.07; 4.38;   79.70
11630;1.07; 4.20;   66.45
11640;1.06; 4.32;   75.11
11650;1.06; 4.36;   78.50
11660;1.06; 4.36;   77.99
11670;1.06; 4.26;   70.46
11680;1.06; 4.34;   76.46
11690;1.06; 4.37;   79.11
11700;1.06; 4.47;   87.77
11710;1.06; 4.41;   81.88
11720;1.06; 4.30;   73.95
11730;1.06; 4.31;   74.41
11740;1.06; 4.33;   75.82
11750;1.06; 4.26;   70.85
11760;1.06; 4.31;   74.39
11770;1.06; 4.36;   78.47
11780;1.06; 4.38;   79.78
11790;1.06; 4.37;   78.86
11800;1.06; 4.32;   74.85
11810;1.06; 4.22;   67.87
11820;1.06; 4.22;   68.15
11830;1.06; 4.31;   74.23
11840;1.06; 4.31;   74.10
11850;1.06; 4.31;   74.48
11860;1.06; 4.31;   74.49
11870;1.05; 4.25;   70.36
11880;1.05; 4.40;   81.38
11890;1.05; 4.39;   80.97
11900;1.05; 4.30;   74.06
11910;1.05; 4.24;   69.51
11920;1.05; 4.36;   78.46
11930;1.05; 4.36;   77.92
11940;1.05; 4.35;   77.23
11950;1.05; 4.25;   70.27
11960;1.05; 4.19;   65.85
11970;1.05; 4.22;   68.05
11980;1.05; 4.29;   72.74
11990;1.05; 4.41;   81.88
12000;1.05; 4.24;   69.25
12010;1.05; 4.21;   67.03
12020;1.05; 4.34;   76.75
12030;1.05; 4.34;   76.61
12040;1.05; 4.26;   70.75
12050;1.05; 4.43;   83.95
12060;1.05; 4.36;   78.36
12070;1.05; 4.29;   72.67
12080;1.05; 4.28;   72.43
12090;1.04; 4.22;   67.85
12100;1.04; 4.21;   67.42
12110;1.04; 4.34;   77.08
12120;1.04; 4.35;   77.25
12130;1.04; 4.29;   72.88
12140;1.04; 4.26;   70.79
12150;1.04; 4.15;   63.47
12160;1.04; 4.19;   66.12
12170;1.04; 4.06;   57.90
12180;1.04; 4.13;   62.18
12190;1.04; 4.30;   73.47
12200;1.04; 4.21;   67.38
12210;1.04; 4.31;   74.46
12220;1.04; 4.25;   70.04
12230;1.04; 4.44;   84.65
12240;1.04; 4.26;   71.01
12250;1.04; 4.30;   73.65
12260;1.04; 4.29;   73.21
12270;1.04; 4.37;   78.78
12280;1.04; 4.14;   62.98
12290;1.04; 4.22;   68.37
12300;1.04; 4.33;   76.31
12310;1.04; 4.22;   68.04
12320;1.04; 4.41;   82.01
12330;1.03; 4.47;   87.77
12340;1.03; 4.23;   68.47
12350;1.03; 4.26;   70.66
12360;1.03; 4.26;   71.16
12370;1.03; 4.29;   72.67
12380;1.03; 4.39;   80.98
12390;1.03; 4.29;   72.99
12400;1.03; 4.20;   66.71
12410;1.03; 4.22;   67.99
12420;1.03; 4.27;   71.68
12430;1.03; 4.20;   66.63
12440;1.03; 4.33;   76.02
12450;1.03; 4.32;   75.46
12460;1.03; 4.33;   76.21
12470;1.03; 4.31;   74.10
12480;1.03; 4.31;   74.62
12490;1.03; 4.23;   68.73
12500;1.03; 4.22;   68.16
12520;1.03; 4.72;  111.75
12530;1.03; 4.30;   73.44
12540;1.03; 4.30;   74.07
12550;1.03; 4.31;   74.51
12560;1.03; 4.32;   74.84
12570;1.02; 4.32;   75.00
12580;1.02; 4.20;   66.95
12590;1.02; 4.35;   77.64
12600;1.02; 4.39;   80.29
12610;1.02; 4.37;   78.92
12620;1.02; 4.33;   76.13
12630;1.02; 4.19;   65.73
12640;1.02; 4.26;   70.82
12650;1.02; 4.34;   76.43
12660;1.02; 4.33;   75.84
12670;1.02; 4.35;   77.51
12680;1.02; 4.31;   74.37
12690;1.02; 4.35;   77.63
12700;1.02; 4.36;   78.20
12710;1.02; 4.20;   66.45
12720;1.02; 4.25;   70.08
12730;1.02; 4.31;   74.53
12740;1.02; 4.37;   78.88
12750;1.02; 4.36;   78.10
12760;1.02; 4.19;   65.93
12770;1.02; 4.29;   72.88
12780;1.02; 4.31;   74.64
12790;1.02; 4.25;   69.87
12800;1.02; 4.31;   74.75
12810;1.02; 4.39;   80.93
12820;1.01; 4.25;   69.83
12830;1.01; 4.32;   75.49
12840;1.01; 4.33;   75.90
12850;1.01; 4.33;   76.20
12860;1.01; 4.31;   74.57
12870;1.01; 4.35;   77.49
12880;1.01; 4.43;   83.73
12890;1.01; 4.44;   84.92
12900;1.01; 4.50;   90.02
12910;1.01; 4.36;   78.21
12920;1.01; 4.33;   75.82
12930;1.01; 4.29;   72.76
12940;1.01; 4.24;   69.65
12950;1.01; 4.32;   75.00
12960;1.01; 4.32;   75.49
12970;1.01; 4.36;   78.62
12980;1.01; 4.43;   84.21
12990;1.01; 4.40;   81.31
13000;1.01; 4.27;   71.20
13010;1.01; 4.31;   74.79
13020;1.01; 4.14;   62.98
13030;1.01; 4.25;   70.42
13040;1.01; 4.30;   73.50
13050;1.01; 4.28;   72.02
13060;1.01; 4.19;   66.21
13070;1.01; 4.28;   72.55
13080;1.00; 4.31;   74.59
13090;1.00; 4.41;   82.28
13100;1.00; 4.34;   76.55
13110;1.00; 4.24;   69.60
13120;1.00; 4.25;   70.21
13130;1.00; 4.26;   70.84
13140;1.00; 4.20;   66.42
13150;1.00; 4.24;   69.43
13160;1.00; 4.31;   74.10
13170;1.00; 4.32;   75.05
13180;1.00; 4.31;   74.44
13190;1.00; 4.25;   69.92
13200;1.00; 4.15;   63.60
13210;1.00; 4.17;   64.54
13220;1.00; 4.25;   70.23
13230;1.00; 4.24;   69.23
13240;1.00; 4.26;   70.87
13250;1.00; 4.25;   70.09
13260;1.00; 4.19;   66.32
13270;1.00; 4.34;   76.37
13280;1.00; 4.33;   76.17
13290;1.00; 4.25;   69.85
13300;1.00; 4.17;   64.85
13310;1.00; 4.31;   74.43
13320;1.00; 4.30;   73.65
13330;1.00; 4.28;   72.31
13340;0.99; 4.19;   66.31
13350;0.99; 4.12;   61.70
13360;0.99; 4.17;   64.43
13370;0.99; 4.22;   67.85
13380;0.99; 4.34;   76.58
13390;0.99; 4.17;   64.81
13400;0.99; 4.16;   63.81
13410;0.99; 4.28;   72.28
13420;0.99; 4.27;   71.73
13430;0.99; 4.21;   67.54
13440;0.99; 4.35;   77.79
13450;0.99; 4.30;   73.76
13460;0.99; 4.24;   69.62
13470;0.99; 4.22;   67.99
13480;0.99; 4.16;   64.00
13490;0.99; 4.16;   64.27
13500;0.99; 4.27;   71.54
13510;0.99; 4.29;   72.87
13520;0.99; 4.23;   68.96
13530;0.99; 4.19;   66.27
13540;0.99; 4.10;   60.60
13550;0.99; 4.14;   63.00
13560;0.99; 4.02;   55.52
13570;0.99; 4.08;   58.87
13580;0.99; 4.26;   70.48
13590;0.99; 4.16;   64.21
13600;0.99; 4.25;   69.93
13610;0.98; 4.22;   67.69
13620;0.98; 4.37;   79.41
13630;0.98; 4.21;   67.08
13640;0.98; 4.24;   69.43
13650;0.98; 4.22;   68.37
13660;0.98; 4.32;   74.94
13670;0.98; 4.09;   59.69
13680;0.98; 4.17;   64.98
13690;0.98; 4.26;   70.55
13700;0.98; 4.15;   63.38
13710;0.98; 4.35;   77.41
13720;0.98; 4.40;   81.70
13730;0.98; 4.16;   64.36
13740;0.98; 4.21;   67.54
13750;0.98; 4.19;   66.14
13760;0.98; 4.22;   67.97
13770;0.98; 4.35;   77.19
13780;0.98; 4.24;   69.07
13790;0.98; 4.13;   62.09
13800;0.98; 4.17;   64.45
13810;0.98; 4.22;   67.94
13820;0.98; 4.14;   62.61
13830;0.98; 4.27;   71.32
13840;0.98; 4.26;   70.52
13850;0.98; 4.28;   71.95
13860;0.98; 4.26;   71.06
13870;0.98; 4.25;   69.83
13880;0.98; 4.18;   65.49
13890;0.97; 4.16;   64.32
13910;0.97; 4.65;  104.69
13920;0.97; 4.24;   69.31
13930;0.97; 4.25;   69.88
13940;0.97; 4.26;   70.99
13950;0.97; 4.25;   70.40
13960;0.97; 4.24;   69.70
13970;0.97; 4.16;   63.81
13980;0.97; 4.30;   73.73
13990;0.97; 4.32;   75.22
14000;0.97; 4.30;   73.86
14010;0.97; 4.27;   71.17
14020;0.97; 4.14;   62.69
14030;0.97; 4.22;   67.72
14040;0.97; 4.28;   72.42
14050;0.97; 4.28;   72.40
14060;0.97; 4.28;   72.30
14070;0.97; 4.26;   71.04
14080;0.97; 4.30;   73.38
14090;0.97; 4.29;   73.19
14100;0.97; 4.16;   64.03
14110;0.97; 4.20;   66.71
14120;0.97; 4.26;   71.14
14130;0.97; 4.31;   74.53
14140;0.97; 4.32;   75.44
14150;0.97; 4.14;   62.94
14160;0.97; 4.24;   69.72
14170;0.97; 4.26;   70.61
14180;0.96; 4.19;   66.01
14190;0.96; 4.26;   70.85
14200;0.96; 4.34;   76.36
14210;0.96; 4.20;   66.46
14220;0.96; 4.27;   71.70
14230;0.96; 4.28;   72.06
14240;0.96; 4.27;   71.50
14250;0.96; 4.24;   69.66
14260;0.96; 4.30;   73.34
14270;0.96; 4.37;   79.00
14280;0.96; 4.39;   80.35
14290;0.96; 4.43;   84.24
14300;0.96; 4.29;   73.09
14310;0.96; 4.27;   71.39
14320;0.96; 4.24;   69.73
14330;0.96; 4.18;   65.26
14340;0.96; 4.27;   71.24
14350;0.96; 4.26;   70.61
14360;0.96; 4.30;   73.99
14370;0.96; 4.37;   78.85
14380;0.96; 4.34;   76.90
14390;0.96; 4.20;   66.90
14400;0.96; 4.27;   71.40
14410;0.96; 4.08;   58.92
14420;0.96; 4.21;   67.30
14430;0.96; 4.24;   69.72
14440;0.96; 4.23;   68.89
14450;0.96; 4.14;   62.66
14460;0.96; 4.23;   68.47
14470;0.96; 4.25;   70.42
14480;0.95; 4.36;   77.87
14490;0.95; 4.29;   72.88
14500;0.95; 4.18;   65.54
14510;0.95; 4.19;   66.08
14520;0.95; 4.21;   67.62
14530;0.95; 4.14;   62.54
14540;0.95; 4.18;   65.44
14550;0.95; 4.25;   69.95
14560;0.95; 4.27;   71.54
14570;0.95; 4.26;   70.93
14580;0.95; 4.20;   66.67
14590;0.95; 4.12;   61.38
14600;0.95; 4.11;   61.04
14610;0.95; 4.20;   66.74
14620;0.95; 4.19;   65.77
14630;0.95; 4.20;   66.92
14640;0.95; 4.19;   66.14
14650;0.95; 4.14;   63.09
14660;0.95; 4.28;   71.99
14670;0.95; 4.27;   71.69
14680;0.95; 4.19;   66.31
14690;0.95; 4.11;   61.02
14700;0.95; 4.25;   70.04
14710;0.95; 4.23;   68.88
14720;0.95; 4.24;   69.44
14730;0.95; 4.13;   62.40
14740;0.95; 4.08;   58.94
14750;0.95; 4.11;   61.13
14760;0.95; 4.17;   64.61
14770;0.95; 4.28;   72.55
14780;0.95; 4.14;   62.87
14790;0.94; 4.10;   60.52
14800;0.94; 4.23;   68.62
14810;0.94; 4.22;   68.11
14820;0.94; 4.15;   63.46
14830;0.94; 4.30;   73.78
14840;0.94; 4.24;   69.38
14850;0.94; 4.19;   65.70
14860;0.94; 4.18;   65.31
14870;0.94; 4.12;   61.43
14880;0.94; 4.10;   60.29
14890;0.94; 4.22;   68.08
14900;0.94; 4.23;   68.54
14910;0.94; 4.19;   66.01
14920;0.94; 4.14;   63.04
14930;0.94; 4.05;   57.52
14940;0.94; 4.10;   60.04
14950;0.94; 3.96;   52.46
14960;0.94; 4.02;   55.47
14970;0.94; 4.20;   66.63
14980;0.94; 4.11;   60.87
14990;0.94; 4.20;   66.73
15000;0.94; 4.15;   63.63
15010;0.94; 4.32;   74.90
15020;0.94; 4.14;   62.88
15030;0.94; 4.18;   65.42
15040;0.94; 4.19;   66.28
15050;0.94; 4.26;   70.68
15060;0.94; 4.03;   56.45
15070;0.94; 4.11;   61.24
15080;0.94; 4.23;   68.43
15090;0.94; 4.11;   61.19
15100;0.94; 4.30;   73.67
15110;0.93; 4.34;   77.09
15120;0.93; 4.12;   61.76
15130;0.93; 4.17;   64.43
15140;0.93; 4.15;   63.26
15150;0.93; 4.18;   65.27
15160;0.93; 4.29;   73.12
15170;0.93; 4.17;   64.88
15180;0.93; 4.10;   60.14
15190;0.93; 4.13;   62.48
15200;0.93; 4.16;   64.32
15210;0.93; 4.09;   59.88
15220;0.93; 4.22;   68.18
15230;0.93; 4.20;   66.93
15240;0.93; 4.22;   68.20
15250;0.93; 4.20;   66.71
15260;0.93; 4.20;   66.49
15270;0.93; 4.12;   61.34
15280;0.93; 4.13;   62.46
15300;0.93; 4.59;   98.64
15310;0.93; 4.19;   66.29
15320;0.93; 4.20;   66.89
15330;0.93; 4.22;   68.01
15340;0.93; 4.20;   66.70
15350;0.93; 4.20;   66.94
15360;0.93; 4.11;   60.82
15370;0.93; 4.23;   69.00
15380;0.93; 4.27;   71.65
15390;0.93; 4.24;   69.64
15400;0.93; 4.22;   68.05
15410;0.93; 4.08;   59.26
15420;0.93; 4.16;   64.30
15430;0.92; 4.23;   68.57
15440;0.92; 4.23;   68.56
15450;0.92; 4.23;   68.67
15460;0.92; 4.21;   67.46
15470;0.92; 4.24;   69.16
15480;0.92; 4.24;   69.47
15490;0.92; 4.11;   60.87
15500;0.92; 4.14;   62.88
15510;0.92; 4.20;   66.50
15520;0.92; 4.25;   70.25
15530;0.92; 4.26;   70.76
15540;0.92; 4.10;   60.09
15550;0.92; 4.18;   65.38
15560;0.92; 4.19;   65.81
15570;0.92; 4.14;   62.77
15580;0.92; 4.21;   67.02
15590;0.92; 4.30;   73.51
15600;0.92; 4.15;   63.67
15610;0.92; 4.23;   68.38
15620;0.92; 4.22;   67.92
15630;0.92; 4.22;   68.06
15640;0.92; 4.20;   66.81
15650;0.92; 4.24;   69.47
15660;0.92; 4.32;   75.46
15670;0.92; 4.34;   77.02
15680;0.92; 4.37;   79.38
15690;0.92; 4.25;   69.78
15700;0.92; 4.22;   68.20
15710;0.92; 4.18;   65.18
15720;0.92; 4.14;   62.69
15730;0.92; 4.21;   67.30
15740;0.92; 4.22;   68.08
15750;0.92; 4.26;   71.09
15760;0.92; 4.32;   75.51
15770;0.91; 4.28;   72.03
15780;0.91; 4.15;   63.40
15790;0.91; 4.21;   67.49
15800;0.91; 4.03;   56.20
15810;0.91; 4.17;   64.47
15820;0.91; 4.19;   66.11
15830;0.91; 4.17;   64.64
15840;0.91; 4.07;   58.82
15850;0.91; 4.17;   64.85
15860;0.91; 4.22;   67.80
15870;0.91; 4.30;   73.67
15880;0.91; 4.24;   69.19
15890;0.91; 4.13;   62.20
15900;0.91; 4.14;   62.73
15910;0.91; 4.16;   63.78
15920;0.91; 4.09;   59.92
15930;0.91; 4.12;   61.79
15940;0.91; 4.19;   65.94
15950;0.91; 4.22;   67.85
15960;0.91; 4.20;   66.93
15970;0.91; 4.15;   63.34
15980;0.91; 4.06;   58.19
15990;0.91; 4.06;   58.06
16000;0.91; 4.14;   62.85
16010;0.91; 4.14;   62.52
16020;0.91; 4.15;   63.65
16030;0.91; 4.15;   63.53
16040;0.91; 4.10;   60.21
16050;0.91; 4.23;   68.86
16060;0.91; 4.23;   68.61
16070;0.91; 4.15;   63.31
16080;0.91; 4.08;   59.24
16090;0.91; 4.19;   66.00
16100;0.91; 4.18;   65.32
16110;0.91; 4.19;   66.19
16120;0.90; 4.09;   59.90
16130;0.90; 4.04;   56.60
16140;0.90; 4.08;   59.06
16150;0.90; 4.12;   61.64
16160;0.90; 4.23;   68.88
16170;0.90; 4.11;   60.79
16180;0.90; 4.05;   57.47
16190;0.90; 4.17;   64.50
16200;0.90; 4.16;   64.24
16210;0.90; 4.09;   59.80
16220;0.90; 4.24;   69.22
16230;0.90; 4.19;   66.15
16240;0.90; 4.14;   62.59
16250;0.90; 4.12;   61.83
16260;0.90; 4.07;   58.45
16270;0.90; 4.08;   58.96
16280;0.90; 4.16;   64.15
16290;0.90; 4.19;   66.28
16300;0.90; 4.13;   61.88
16310;0.90; 4.10;   60.20
16320;0.90; 4.00;   54.70
16330;0.90; 4.05;   57.31
16340;0.90; 3.92;   50.35
16350;0.90; 3.97;   52.74
16360;0.90; 4.15;   63.41
16370;0.90; 4.06;   58.15
16380;0.90; 4.14;   62.76
16390;0.90; 4.11;   60.90
16400;0.90; 4.25;   70.45
16410;0.90; 4.09;   59.94
16420;0.90; 4.13;   62.40
16430;0.90; 4.13;   62.22
16440;0.90; 4.22;   67.92
16450;0.90; 4.00;   54.60
16460;0.90; 4.07;   58.54
16470;0.90; 4.18;   65.45
16480;0.90; 4.06;   58.12
16490;0.89; 4.25;   69.85
16500;0.89; 4.30;   73.93
16510;0.89; 4.08;   59.11
16520;0.89; 4.10;   60.59
16530;0.89; 4.10;   60.55
16540;0.89; 4.14;   63.00
16550;0.89; 4.23;   69.00
16560;0.89; 4.13;   62.37
16570;0.89; 4.04;   56.79
16580;0.89; 4.08;   58.96
16590;0.89; 4.13;   62.00
16600;0.89; 4.06;   57.81
16610;0.89; 4.17;   64.73
16620;0.89; 4.16;   64.32
16630;0.89; 4.17;   64.75
16640;0.89; 4.16;   63.83
16650;0.89; 4.15;   63.37
16660;0.89; 4.09;   59.81
16670;0.89; 4.08;   59.36
16690;0.89; 4.55;   94.69
16700;0.89; 4.14;   62.97
16710;0.89; 4.16;   64.03
16720;0.89; 4.16;   64.15
16730;0.89; 4.17;   64.45
16740;0.89; 4.14;   62.94
16750;0.89; 4.07;   58.54
16760;0.89; 4.20;   66.52
16770;0.89; 4.23;   68.52
16780;0.89; 4.21;   67.62
16790;0.89; 4.19;   66.04
16800;0.89; 4.03;   56.53
16810;0.89; 4.13;   62.01
16820;0.89; 4.16;   64.35
16830;0.89; 4.18;   65.60
16840;0.89; 4.18;   65.28
16850;0.89; 4.16;   64.10
16860;0.88; 4.19;   66.27
16870;0.88; 4.20;   66.78
16880;0.88; 4.07;   58.33
16890;0.88; 4.11;   60.77
16900;0.88; 4.16;   64.29
16910;0.88; 4.21;   67.25
16920;0.88; 4.21;   67.54
16930;0.88; 4.05;   57.66
16940;0.88; 4.15;   63.29
16950;0.88; 4.15;   63.54
16960;0.88; 4.10;   60.18
16970;0.88; 4.16;   64.30
16980;0.88; 4.23;   69.04
16990;0.88; 4.10;   60.20
17000;0.88; 4.18;   65.09
17010;0.88; 4.17;   64.75
17020;0.88; 4.18;   65.15
17030;0.88; 4.15;   63.48
17040;0.88; 4.18;   65.22
17050;0.88; 4.27;   71.29
17060;0.88; 4.28;   71.90
17070;0.88; 4.32;   75.56
17080;0.88; 4.21;   67.25
17090;0.88; 4.17;   64.69
17100;0.88; 4.13;   62.19
17110;0.88; 4.09;   59.81
17120;0.88; 4.17;   64.60
17130;0.88; 4.17;   64.59
17140;0.88; 4.20;   66.50
17150;0.88; 4.29;   72.68
17160;0.88; 4.25;   70.18
17170;0.88; 4.11;   61.04
17180;0.88; 4.18;   65.36
17190;0.88; 3.99;   53.87
17200;0.88; 4.14;   62.70
17210;0.88; 4.15;   63.67
17220;0.88; 4.12;   61.58
17230;0.88; 4.03;   56.00
17240;0.88; 4.13;   61.98
17250;0.87; 4.16;   63.85
17260;0.87; 4.25;   70.29
17270;0.87; 4.19;   65.72
17280;0.87; 4.09;   59.74
17290;0.87; 4.10;   60.36
17300;0.87; 4.10;   60.10
17310;0.87; 4.05;   57.11
17320;0.87; 4.09;   59.54
17330;0.87; 4.16;   63.80
17340;0.87; 4.18;   65.10
17350;0.87; 4.15;   63.64
17360;0.87; 4.11;   60.85
17370;0.87; 4.02;   55.59
17380;0.87; 4.03;   56.16
17390;0.87; 4.11;   60.67
17400;0.87; 4.10;   60.07
17410;0.87; 4.11;   60.96
17420;0.87; 4.12;   61.41
17430;0.87; 4.05;   57.32
17440;0.87; 4.20;   66.46
17450;0.87; 4.18;   65.35
17460;0.87; 4.11;   60.65
17470;0.87; 4.03;   56.53
17480;0.87; 4.15;   63.17
17490;0.87; 4.13;   62.44
17500;0.87; 4.13;   62.39
17510;0.87; 4.04;   56.75
17520;0.87; 4.00;   54.44
17530;0.87; 4.03;   56.00
17540;0.87; 4.08;   58.89
17550;0.87; 4.18;   65.57
17560;0.87; 4.05;   57.24
17570;0.87; 4.01;   55.41
17580;0.87; 4.12;   61.42
17590;0.87; 4.12;   61.49
17600;0.87; 4.05;   57.29
17610;0.87; 4.21;   67.13
17620;0.87; 4.15;   63.30
17630;0.87; 4.09;   59.78
17640;0.87; 4.10;   60.26
17650;0.86; 4.03;   56.20
17660;0.86; 4.01;   55.26
17670;0.86; 4.13;   62.07
17680;0.86; 4.13;   62.00
17690;0.86; 4.08;   59.30
17700;0.86; 4.06;   58.12
17710;0.86; 3.96;   52.26
17720;0.86; 4.01;   55.23
17730;0.86; 3.87;   47.91
17740;0.86; 3.94;   51.33
17750;0.86; 4.10;   60.47
17760;0.86; 4.01;   55.35
17770;0.86; 4.13;   61.95
17780;0.86; 4.08;   58.86
17790;0.86; 4.24;   69.29
17800;0.86; 4.05;   57.36
17810;0.86; 4.11;   61.22
17820;0.86; 4.09;   59.80
17830;0.86; 4.17;   64.69
17840;0.86; 3.95;   52.02
17850;0.86; 4.03;   56.32
17860;0.86; 4.14;   62.93
17870;0.86; 4.03;   56.01
17880;0.86; 4.19;   66.31
17890;0.86; 4.28;   71.95
17900;0.86; 4.03;   56.23
17910;0.86; 4.06;   58.09
17920;0.86; 4.06;   58.26
17930;0.86; 4.09;   59.51
17940;0.86; 4.21;   67.60
17950;0.86; 4.08;   59.23
17960;0.86; 3.99;   54.06
17970;0.86; 4.04;   56.68
17980;0.86; 4.08;   59.31
17990;0.86; 4.01;   55.36
18000;0.86; 4.14;   62.77
18010;0.86; 4.14;   62.67
18020;0.86; 4.13;   62.42
18030;0.86; 4.12;   61.56
18040;0.86; 4.12;   61.25
18050;0.86; 4.03;   56.54
18060;0.86; 4.04;   56.80
18080;0.85; 4.49;   88.70
18090;0.85; 4.10;   60.47
18100;0.85; 4.13;   61.92
18110;0.85; 4.13;   62.30
18120;0.85; 4.13;   62.43
18130;0.85; 4.10;   60.37
18140;0.85; 4.02;   55.51
18150;0.85; 4.15;   63.51
18160;0.85; 4.18;   65.12
18170;0.85; 4.14;   62.86
18180;0.85; 4.13;   62.27
18190;0.85; 3.99;   53.88
18200;0.85; 4.06;   57.98
18210;0.85; 4.12;   61.87
18220;0.85; 4.13;   62.39
18230;0.85; 4.13;   62.03
18240;0.85; 4.13;   62.13
18250;0.85; 4.15;   63.33
18260;0.85; 4.14;   62.76
18270;0.85; 4.01;   55.29
18280;0.85; 4.05;   57.20
18290;0.85; 4.11;   61.05
18300;0.85; 4.16;   64.25
18310;0.85; 4.16;   64.21
18320;0.85; 4.01;   55.25
18330;0.85; 4.09;   59.77
18340;0.85; 4.11;   61.14
18350;0.85; 4.06;   58.06
18360;0.85; 4.13;   62.02
18370;0.85; 4.19;   65.92
18380;0.85; 4.05;   57.59
18390;0.85; 4.15;   63.20
18400;0.85; 4.13;   62.01
18410;0.85; 4.14;   62.58
18420;0.85; 4.09;   59.96
18430;0.85; 4.16;   63.76
18440;0.85; 4.21;   67.69
18450;0.85; 4.23;   68.90
18460;0.85; 4.28;   72.32
18470;0.85; 4.16;   63.89
18480;0.85; 4.14;   62.87
18490;0.85; 4.09;   60.01
18500;0.84; 4.05;   57.31
18510;0.84; 4.11;   61.14
18520;0.84; 4.12;   61.73
18530;0.84; 4.17;   64.84
18540;0.84; 4.22;   68.27
18550;0.84; 4.21;   67.39
18560;0.84; 4.06;   57.91
18570;0.84; 4.14;   62.92
18580;0.84; 3.96;   52.28
18590;0.84; 4.08;   59.05
18600;0.84; 4.11;   60.73
18610;0.84; 4.09;   59.51
18620;0.84; 3.99;   53.92
18630;0.84; 4.10;   60.26
18640;0.84; 4.14;   62.57
18650;0.84; 4.21;   67.03
18660;0.84; 4.13;   62.07
18670;0.84; 4.05;   57.20
18680;0.84; 4.06;   57.92
18690;0.84; 4.07;   58.73
18700;0.84; 4.01;   55.17
18710;0.84; 4.04;   56.86
18720;0.84; 4.10;   60.57
18730;0.84; 4.13;   62.41
18740;0.84; 4.11;   61.10
18750;0.84; 4.05;   57.67
18760;0.84; 3.98;   53.28
18770;0.84; 3.99;   54.13
18780;0.84; 4.08;   59.08
18790;0.84; 4.05;   57.64
18800;0.84; 4.08;   59.26
18810;0.84; 4.06;   58.26
18820;0.84; 4.01;   55.42
18830;0.84; 4.15;   63.60
18840;0.84; 4.13;   62.34
18850;0.84; 4.07;   58.47
18860;0.84; 3.98;   53.65
18870;0.84; 4.11;   60.87
18880;0.84; 4.10;   60.29
18890;0.84; 4.09;   59.87
18900;0.84; 4.00;   54.43
18910;0.84; 3.95;   51.70
18920;0.84; 3.98;   53.55
18930;0.84; 4.03;   56.28
18940;0.83; 4.15;   63.58
18950;0.83; 4.01;   55.21
18960;0.83; 3.99;   53.82
18970;0.83; 4.09;   59.69
18980;0.83; 4.09;   59.49
18990;0.83; 4.00;   54.85
19000;0.83; 4.15;   63.66
19010;0.83; 4.10;   60.50
19020;0.83; 4.05;   57.58
19030;0.83; 4.04;   56.63
19040;0.83; 3.98;   53.52
19050;0.83; 3.98;   53.76
19060;0.83; 4.09;   59.64
19070;0.83; 4.10;   60.23
19080;0.83; 4.05;   57.33
19090;0.83; 4.02;   55.71
19100;0.83; 3.91;   49.84
19110;0.83; 3.96;   52.53
19120;0.83; 3.85;   47.17
19130;0.83; 3.91;   49.72
19140;0.83; 4.08;   58.88
19150;0.83; 3.98;   53.39
19160;0.83; 4.07;   58.68
19170;0.83; 4.03;   56.45
19180;0.83; 4.17;   64.99
19190;0.83; 4.02;   55.71
19200;0.83; 4.06;   57.76
19210;0.83; 4.05;   57.51
19220;0.83; 4.14;   62.52
19230;0.83; 3.91;   49.98
19240;0.83; 4.00;   54.63
19250;0.83; 4.08;   59.03
19260;0.83; 3.99;   53.82
19270;0.83; 4.16;   64.35
19280;0.83; 4.22;   68.01
19290;0.83; 4.00;   54.59
19300;0.83; 4.03;   56.15
19310;0.83; 4.02;   55.54
19320;0.83; 4.07;   58.52
19330;0.83; 4.17;   64.55
19340;0.83; 4.04;   56.67
19350;0.83; 3.95;   52.11
19360;0.83; 4.00;   54.46
19370;0.83; 4.04;   57.03
19380;0.83; 3.98;   53.41
19390;0.83; 4.09;   59.93
19400;0.82; 4.09;   59.67
19410;0.82; 4.10;   60.12
19420;0.82; 4.08;   59.03
19430;0.82; 4.07;   58.51
19440;0.82; 4.00;   54.75
19450;0.82; 4.01;   55.24
19470;0.82; 4.45;   85.36
19480;0.82; 4.05;   57.58
19490;0.82; 4.08;   59.26
19500;0.82; 4.08;   59.08
19510;0.82; 4.09;   59.72
19520;0.82; 4.07;   58.68
19530;0.82; 3.98;   53.69
19540;0.82; 4.12;   61.54
19550;0.82; 4.15;   63.39
19560;0.82; 4.10;   60.64
19570;0.82; 4.09;   59.65
19580;0.82; 3.96;   52.26
19590;0.82; 4.04;   56.62
19600;0.82; 4.09;   59.50
19610;0.82; 4.09;   59.50
19620;0.82; 4.09;   59.61
19630;0.82; 4.08;   59.23
19640;0.82; 4.09;   59.78
19650;0.82; 4.11;   60.87
19660;0.82; 3.99;   54.06
19670;0.82; 4.02;   55.80
19680;0.82; 4.06;   58.03
19690;0.82; 4.11;   61.13
19700;0.82; 4.12;   61.29
19710;0.82; 3.97;   52.80
19720;0.82; 4.07;   58.69
19730;0.82; 4.09;   59.46
19740;0.82; 4.02;   55.81
19750;0.82; 4.07;   58.83
19760;0.82; 4.16;   64.21
19770;0.82; 4.03;   56.24
19780;0.82; 4.09;   59.79
19790;0.82; 4.09;   59.63
19800;0.82; 4.08;   59.35
19810;0.82; 4.06;   57.84
19820;0.82; 4.11;   61.23
19830;0.82; 4.19;   65.80
19840;0.82; 4.20;   66.87
19850;0.82; 4.24;   69.67
19860;0.82; 4.12;   61.43
19870;0.82; 4.10;   60.47
19880;0.81; 4.06;   58.24
19890;0.81; 4.01;   55.03
19900;0.81; 4.08;   59.28
19910;0.81; 4.08;   59.32
19920;0.81; 4.13;   62.17
19930;0.81; 4.20;   66.40
19940;0.81; 4.16;   63.98
19950;0.81; 4.03;   56.06
19960;0.81; 4.10;   60.20
19970;0.81; 3.92;   50.47
19980;0.81; 4.04;   56.71
19990;0.81; 4.07;   58.47
20000;0.81; 4.04;   56.63
20010;0.81; 3.95;   52.17
20020;0.81; 4.03;   56.50
20030;0.81; 4.07;   58.72
20040;0.81; 4.16;   64.09
20050;0.81; 4.12;   61.31
20060;0.81; 4.00;   54.73
20070;0.81; 4.02;   55.69
20080;0.81; 4.03;   56.30
20090;0.81; 3.97;   53.08
20100;0.81; 4.01;   55.12
20110;0.81; 4.07;   58.75
20120;0.81; 4.11;   60.80
20130;0.81; 4.08;   59.32
20140;0.81; 4.02;   55.88
20150;0.81; 3.95;   51.74
20160;0.81; 3.93;   51.03
20170;0.81; 4.03;   55.99
20180;0.81; 4.01;   55.18
20190;0.81; 4.04;   56.89
20200;0.81; 4.04;   56.83
20210;0.81; 3.97;   53.01
20220;0.81; 4.11;   60.87
20230;0.81; 4.09;   59.80
20240;0.81; 4.03;   56.54
20250;0.81; 3.95;   52.01
20260;0.81; 4.07;   58.32
20270;0.81; 4.06;   57.73
20280;0.81; 4.06;   58.16
20290;0.81; 3.97;   53.02
20300;0.81; 3.92;   50.16
20310;0.81; 3.95;   52.01
20320;0.81; 3.98;   53.78
20330;0.81; 4.10;   60.30
20340;0.81; 3.98;   53.51
20350;0.81; 3.94;   51.22
20360;0.81; 4.04;   57.05
20370;0.81; 4.05;   57.50
20380;0.80; 3.97;   53.15
20390;0.80; 4.12;   61.32
20400;0.80; 4.06;   57.82
20410;0.80; 4.01;   55.29
20420;0.80; 4.01;   54.97
20430;0.80; 3.96;   52.29
20440;0.80; 3.96;   52.21
20450;0.80; 4.06;   57.75
20460;0.80; 4.06;   58.06
20470;0.80; 4.00;   54.78
20480;0.80; 3.99;   54.03
20490;0.80; 3.90;   49.25
20500;0.80; 3.93;   50.84
20510;0.80; 3.80;   44.60
20520;0.80; 3.85;   47.16
20530;0.80; 4.04;   56.74
20540;0.80; 3.96;   52.35
20550;0.80; 4.04;   57.05
20560;0.80; 3.99;   54.32
20570;0.80; 4.13;   62.47
20580;0.80; 3.97;   52.91
20590;0.80; 4.02;   55.81
20600;0.80; 4.02;   55.65
20610;0.80; 4.10;   60.36
20620;0.80; 3.88;   48.66
20630;0.80; 3.95;   52.03
20640;0.80; 4.06;   57.87
20650;0.80; 3.95;   51.79
20660;0.80; 4.13;   61.94
20670;0.80; 4.18;   65.45
20680;0.80; 3.96;   52.27
20690;0.80; 3.99;   53.99
20700;0.80; 3.98;   53.32
20710;0.80; 4.00;   54.76
20720;0.80; 4.12;   61.71
20730;0.80; 4.02;   55.43
20740;0.80; 3.92;   50.52
20750;0.80; 3.97;   52.94
20760;0.80; 4.01;   54.97
20770;0.80; 3.93;   50.98
20780;0.80; 4.05;   57.38
20790;0.80; 4.05;   57.19
20800;0.80; 4.05;   57.64
20810;0.80; 4.04;   56.66
20820;0.80; 4.04;   56.58
20830;0.80; 3.96;   52.62
20840;0.80; 3.98;   53.56
20860;0.80; 4.42;   83.24
20870;0.80; 4.03;   56.13
20880;0.80; 4.05;   57.35
20890;0.79; 4.05;   57.42
20900;0.79; 4.04;   56.66
20910;0.79; 4.04;   56.68
20920;0.79; 3.95;   51.85
20930;0.79; 4.08;   59.08
20940;0.79; 4.11;   60.68
20950;0.79; 4.08;   59.04
20960;0.79; 4.07;   58.67
20970;0.79; 3.92;   50.47
20980;0.79; 3.99;   54.00
20990;0.79; 4.05;   57.30
21000;0.79; 4.06;   57.79
21010;0.79; 4.05;   57.43
21020;0.79; 4.05;   57.49
21030;0.79; 4.05;   57.48
21040;0.79; 4.06;   58.11
21050;0.79; 3.94;   51.63
21060;0.79; 3.98;   53.69
21070;0.79; 4.03;   56.50
21080;0.79; 4.09;   59.53
21090;0.79; 4.08;   59.25
21100;0.79; 3.94;   51.61
21110;0.79; 4.02;   55.93
21120;0.79; 4.04;   56.81
21130;0.79; 3.99;   54.01
21140;0.79; 4.03;   56.34
21150;0.79; 4.11;   61.17
21160;0.79; 3.98;   53.69
21170;0.79; 4.06;   57.82
21180;0.79; 4.05;   57.55
21190;0.79; 4.04;   57.05
21200;0.79; 4.04;   56.68
21210;0.79; 4.07;   58.82
21220;0.79; 4.16;   64.09
21230;0.79; 4.15;   63.48
21240;0.79; 4.19;   66.00
21250;0.79; 4.08;   59.09
21260;0.79; 4.05;   57.20
21270;0.79; 4.02;   55.82
21280;0.79; 3.97;   52.95
21290;0.79; 4.06;   58.25
21300;0.79; 4.06;   57.98
21310;0.79; 4.09;   60.04
21320;0.79; 4.15;   63.70
21330;0.79; 4.13;   62.21
21340;0.79; 4.00;   54.46
21350;0.79; 4.07;   58.51
21360;0.79; 3.87;   47.85
21370;0.79; 4.00;   54.59
21380;0.79; 4.03;   56.24
21390;0.79; 4.01;   54.94
21400;0.79; 3.92;   50.27
21410;0.79; 4.01;   54.89
21420;0.79; 4.04;   57.11
21430;0.78; 4.14;   62.83
21440;0.78; 4.06;   57.76
21450;0.78; 3.95;   51.76
21460;0.78; 3.99;   53.92
21470;0.78; 3.98;   53.54
21480;0.78; 3.95;   51.76
21490;0.78; 3.99;   54.22
21500;0.78; 4.04;   56.78
21510;0.78; 4.05;   57.67
21520;0.78; 4.04;   57.11
21530;0.78; 3.99;   53.92
21540;0.78; 3.92;   50.16
21550;0.78; 3.92;   50.36
21560;0.78; 4.00;   54.71
21570;0.78; 3.99;   53.85
21580;0.78; 4.01;   55.01
21590;0.78; 4.00;   54.36
21600;0.78; 3.93;   51.12
21610;0.78; 4.07;   58.51
21620;0.78; 4.05;   57.41
21630;0.78; 4.00;   54.61
21640;0.78; 3.91;   50.15
21650;0.78; 4.03;   56.39
21660;0.78; 4.01;   55.24
21670;0.78; 4.02;   55.85
21680;0.78; 3.94;   51.37
21690;0.78; 3.88;   48.35
21700;0.78; 3.92;   50.53
21710;0.78; 3.97;   52.73
21720;0.78; 4.07;   58.65
21730;0.78; 3.93;   50.85
21740;0.78; 3.91;   49.73
21750;0.78; 4.00;   54.86
21760;0.78; 4.00;   54.80
21770;0.78; 3.94;   51.22
21780;0.78; 4.07;   58.59
21790;0.78; 4.04;   56.67
21800;0.78; 3.97;   53.19
21810;0.78; 3.97;   52.85
21820;0.78; 3.92;   50.48
21830;0.78; 3.92;   50.33
21840;0.78; 4.01;   55.09
21850;0.78; 4.02;   55.46
21860;0.78; 3.97;   53.02
21870;0.78; 3.94;   51.64
21880;0.78; 3.85;   46.89
21890;0.78; 3.90;   49.40
21900;0.78; 3.79;   44.17
21910;0.78; 3.82;   45.82
21920;0.78; 4.01;   54.94
21930;0.78; 3.91;   50.06
21940;0.78; 4.00;   54.72
21950;0.78; 3.95;   52.20
21960;0.78; 4.09;   59.83
21970;0.78; 3.93;   51.13
21980;0.78; 3.99;   53.81
21990;0.77; 3.97;   53.14
22000;0.77; 4.07;   58.34
22010;0.77; 3.85;   47.19
22020;0.77; 3.93;   51.14
22030;0.77; 4.01;   55.18
22040;0.77; 3.91;   49.78
22050;0.77; 4.09;   59.52
22060;0.77; 4.14;   62.79
22070;0.77; 3.91;   50.05
22080;0.77; 3.97;   52.76
22090;0.77; 3.95;   51.95
22100;0.77; 3.97;   53.24
22110;0.77; 4.08;   59.31
22120;0.77; 3.96;   52.33
22130;0.77; 3.89;   49.15
22140;0.77; 3.94;   51.40
22150;0.77; 3.97;   53.08
22160;0.77; 3.88;   48.64
22170;0.77; 4.03;   56.03
22180;0.77; 4.00;   54.87
22190;0.77; 4.03;   56.03
22200;0.77; 4.00;   54.53
22210;0.77; 4.00;   54.64
22220;0.77; 3.93;   50.92
22230;0.77; 3.94;   51.54
22250;0.77; 4.38;   79.62
22260;0.77; 3.98;   53.61
22270;0.77; 4.02;   55.89
22280;0.77; 4.01;   55.21
22290;0.77; 4.01;   54.98
22300;0.77; 3.98;   53.72
22310;0.77; 3.93;   50.79
22320;0.77; 4.04;   57.06
22330;0.77; 4.08;   58.90
22340;0.77; 4.04;   57.10
22350;0.77; 4.03;   56.24
22360;0.77; 3.88;   48.57
22370;0.77; 3.96;   52.61
22380;0.77; 4.03;   56.01
22390;0.77; 4.03;   56.01
22400;0.77; 4.02;   55.74
22410;0.77; 4.00;   54.83
22420;0.77; 4.02;   55.70
22430;0.77; 4.04;   56.92
22440;0.77; 3.91;   49.89
22450;0.77; 3.94;   51.43
22460;0.77; 3.99;   54.07
22470;0.77; 4.05;   57.49
22480;0.77; 4.05;   57.46
22490;0.77; 3.91;   49.76
22500;0.77; 3.99;   54.23
22510;0.77; 3.99;   54.21
22520;0.77; 3.94;   51.49
22530;0.77; 4.00;   54.74
22540;0.77; 4.08;   59.36
22550;0.77; 3.93;   50.91
22560;0.76; 4.04;   56.56
22570;0.76; 4.01;   55.27
22580;0.76; 4.01;   54.88
22590;0.76; 4.00;   54.53
22600;0.76; 4.03;   56.24
22610;0.76; 4.12;   61.46
22620;0.76; 4.12;   61.51
22630;0.76; 4.15;   63.65
22640;0.76; 4.04;   56.56
22650;0.76; 4.02;   55.75
22660;0.76; 4.00;   54.40
22670;0.76; 3.95;   51.82
22680;0.76; 4.03;   56.40
22690;0.76; 4.01;   54.90
22700;0.76; 4.06;   57.84
22710;0.76; 4.12;   61.58
22720;0.76; 4.09;   59.77
22730;0.76; 3.97;   52.86
22740;0.76; 4.03;   56.04
22750;0.76; 3.84;   46.54
22760;0.76; 3.98;   53.28
22770;0.76; 3.98;   53.70
22780;0.76; 3.98;   53.48
22790;0.76; 3.88;   48.49
22800;0.76; 3.98;   53.29
22810;0.76; 4.01;   55.18
22820;0.76; 4.09;   59.90
22830;0.76; 4.04;   56.56
22840;0.76; 3.94;   51.39
22850;0.76; 3.95;   52.17
22860;0.76; 3.96;   52.46
22870;0.76; 3.89;   48.85
22880;0.76; 3.93;   51.00
22890;0.76; 4.00;   54.37
22900;0.76; 4.03;   56.50
22910;0.76; 4.00;   54.59
22920;0.76; 3.95;   52.13
22930;0.76; 3.87;   47.90
22940;0.76; 3.88;   48.35
22950;0.76; 3.97;   52.78
22960;0.76; 3.94;   51.63
22970;0.76; 3.97;   53.19
22980;0.76; 3.96;   52.34
22990;0.76; 3.91;   50.07
23000;0.76; 4.04;   56.59
23010;0.76; 4.02;   55.72
23020;0.76; 3.97;   52.82
23030;0.76; 3.89;   48.85
23040;0.76; 4.00;   54.69
23050;0.76; 3.99;   53.81
23060;0.76; 4.00;   54.35
23070;0.76; 3.91;   49.81
23080;0.76; 3.86;   47.28
23090;0.76; 3.89;   48.72
23100;0.76; 3.93;   50.90
23110;0.76; 4.03;   56.18
23120;0.76; 3.92;   50.29
23130;0.76; 3.87;   47.97
23140;0.76; 3.97;   52.83
23150;0.76; 3.98;   53.47
23160;0.76; 3.90;   49.27
23170;0.75; 4.05;   57.31
23180;0.75; 4.00;   54.77
23190;0.75; 3.95;   51.85
23200;0.75; 3.94;   51.58
23210;0.75; 3.88;   48.28
23220;0.75; 3.88;   48.43
23230;0.75; 3.98;   53.31
23240;0.75; 3.99;   54.11
23250;0.75; 3.94;   51.34
23260;0.75; 3.92;   50.36
23270;0.75; 3.82;   45.39
23280;0.75; 3.86;   47.34
23290;0.75; 3.74;   42.27
23300;0.75; 3.80;   44.48
23310;0.75; 3.97;   52.89
23320;0.75; 3.88;   48.57
23330;0.75; 3.97;   52.79
23340;0.75; 3.92;   50.61
23350;0.75; 4.05;   57.26
23360;0.75; 3.90;   49.39
23370;0.75; 3.95;   51.95
23380;0.75; 3.96;   52.26
23390;0.75; 4.03;   56.52
23400;0.75; 3.80;   44.82
23410;0.75; 3.90;   49.20
23420;0.75; 4.00;   54.37
23430;0.75; 3.89;   48.83
23440;0.75; 4.06;   57.98
23450;0.75; 4.12;   61.46
23460;0.75; 3.88;   48.19
23470;0.75; 3.93;   51.06
23480;0.75; 3.91;   49.93
23490;0.75; 3.94;   51.23
23500;0.75; 4.05;   57.16
23510;0.75; 3.94;   51.36
23520;0.75; 3.86;   47.43
23530;0.75; 3.90;   49.49
23540;0.75; 3.95;   51.76
23550;0.75; 3.88;   48.47
23560;0.75; 3.98;   53.68
23570;0.75; 3.99;   54.01
23580;0.75; 3.98;   53.30
23590;0.75; 3.98;   53.65
23600;0.75; 3.96;   52.36
23610;0.75; 3.90;   49.37
23620;0.75; 3.92;   50.24
23640;0.75; 4.35;   77.82
23650;0.75; 3.95;   52.12
23660;0.75; 3.99;   54.26
23670;0.75; 3.98;   53.53
23680;0.75; 3.98;   53.68
23690;0.75; 3.95;   52.15
23700;0.75; 3.89;   48.95
23710;0.75; 4.02;   55.52
23720;0.75; 4.03;   56.36
23730;0.75; 3.99;   54.14
23740;0.75; 3.99;   54.06
23750;0.75; 3.86;   47.30
23760;0.75; 3.93;   51.07
23770;0.75; 3.99;   54.02
23780;0.75; 3.98;   53.64
23790;0.74; 3.98;   53.40
23800;0.74; 3.97;   53.07
23810;0.74; 3.99;   53.95
23820;0.74; 4.00;   54.50
23830;0.74; 3.87;   48.11
23840;0.74; 3.90;   49.60
23850;0.74; 3.97;   52.78
23860;0.74; 4.02;   55.71
23870;0.74; 4.02;   55.85
23880;0.74; 3.87;   47.96
23890;0.74; 3.96;   52.66
23900;0.74; 3.97;   52.86
23910;0.74; 3.93;   50.78
23920;0.74; 3.97;   52.82
23930;0.74; 4.05;   57.20
23940;0.74; 3.93;   50.90
23950;0.74; 4.00;   54.44
23960;0.74; 3.98;   53.49
23970;0.74; 3.98;   53.78
23980;0.74; 3.96;   52.50
23990;0.74; 4.00;   54.49
24000;0.74; 4.08;   59.43
24010;0.74; 4.08;   59.35
24020;0.74; 4.13;   62.48
24030;0.74; 4.02;   55.59
24040;0.74; 3.99;   54.10
24050;0.74; 3.94;   51.37
24060;0.74; 3.92;   50.19
24070;0.74; 3.98;   53.70
24080;0.74; 3.99;   53.82
24090;0.74; 4.02;   55.79
24100;0.74; 4.08;   59.38
24110;0.74; 4.05;   57.63
24120;0.74; 3.93;   51.08
24130;0.74; 3.99;   53.93
24140;0.74; 3.80;   44.77
24150;0.74; 3.93;   50.83
24160;0.74; 3.95;   51.94
24170;0.74; 3.93;   50.86
24180;0.74; 3.85;   47.16
24190;0.74; 3.93;   50.85
24200;0.74; 3.98;   53.31
24210;0.74; 4.06;   57.78
24220;0.74; 4.00;   54.83
24230;0.74; 3.91;   49.81
24240;0.74; 3.91;   50.02
24250;0.74; 3.92;   50.30
24260;0.74; 3.89;   48.71
24270;0.74; 3.91;   49.74
24280;0.74; 3.98;   53.46
24290;0.74; 3.99;   54.03
24300;0.74; 3.97;   52.93
24310;0.74; 3.92;   50.64
24320;0.74; 3.85;   47.12
24330;0.74; 3.85;   46.99
24340;0.74; 3.93;   50.92
24350;0.74; 3.91;   50.01
24360;0.74; 3.95;   51.89
24370;0.74; 3.93;   51.15
24380;0.74; 3.89;   48.73
24390;0.74; 4.01;   55.15
24400;0.74; 4.01;   55.05
24410;0.74; 3.93;   51.00
24420;0.74; 3.86;   47.37
24430;0.74; 3.96;   52.38
24440;0.73; 3.93;   51.05
24450;0.73; 3.96;   52.34
24460;0.73; 3.87;   48.14
24470;0.73; 3.82;   45.56
24480;0.73; 3.86;   47.42
24490;0.73; 3.89;   49.02
24500;0.73; 3.99;   54.02
24510;0.73; 3.89;   48.80
24520;0.73; 3.84;   46.70
24530;0.73; 3.93;   50.83
24540;0.73; 3.94;   51.27
24550;0.73; 3.87;   47.75
24560;0.73; 4.00;   54.72
24570;0.73; 3.96;   52.50
24580;0.73; 3.92;   50.53
24590;0.73; 3.91;   49.78
24600;0.73; 3.85;   47.15
24610;0.73; 3.86;   47.41
24620;0.73; 3.94;   51.50
24630;0.73; 3.94;   51.50
24640;0.73; 3.92;   50.27
24650;0.73; 3.90;   49.36
24660;0.73; 3.79;   44.41
24670;0.73; 3.84;   46.74
24680;0.73; 3.72;   41.45
24690;0.73; 3.76;   43.13
24700;0.73; 3.95;   51.99
24710;0.73; 3.85;   47.04
24720;0.73; 3.95;   51.81
24730;0.73; 3.89;   49.02
24740;0.73; 4.01;   55.39
24750;0.73; 3.88;   48.24
24760;0.73; 3.92;   50.54
24770;0.73; 3.92;   50.34
24780;0.73; 4.00;   54.48
24790;0.73; 3.80;   44.87
24800;0.73; 3.86;   47.41
24810;0.73; 3.95;   51.69
24820;0.73; 3.86;   47.53
24830;0.73; 4.02;   55.94
24840;0.73; 4.10;   60.23
24850;0.73; 3.86;   47.55
24860;0.73; 3.90;   49.33
24870;0.73; 3.86;   47.67
24880;0.73; 3.90;   49.47
24890;0.73; 4.02;   55.62
24900;0.73; 3.90;   49.28
24910;0.73; 3.85;   46.79
24920;0.73; 3.88;   48.18
24930;0.73; 3.91;   49.67
24940;0.73; 3.84;   46.63
24950;0.73; 3.96;   52.61
24960;0.73; 3.94;   51.26
24970;0.73; 3.96;   52.30
24980;0.73; 3.95;   51.73
24990;0.73; 3.93;   51.05
25000;0.73; 3.87;   48.01
25010;0.73; 3.88;   48.20
25030;0.73; 4.31;   74.18
25040;0.73; 3.93;   50.72
25050;0.73; 3.97;   52.88
25060;0.73; 3.94;   51.54
25070;0.73; 3.95;   51.89
25080;0.73; 3.92;   50.53
25090;0.73; 3.86;   47.31
25100;0.73; 3.99;   53.98
25110;0.73; 4.00;   54.66
25120;0.72; 3.98;   53.74
25130;0.72; 3.96;   52.25
25140;0.72; 3.81;   45.37
25150;0.72; 3.90;   49.33
25160;0.72; 3.96;   52.42
25170;0.72; 3.95;   52.07
25180;0.72; 3.96;   52.32
25190;0.72; 3.94;   51.59
25200;0.72; 3.95;   52.09
25210;0.72; 3.96;   52.67
25220;0.72; 3.84;   46.42
25230;0.72; 3.88;   48.34
25240;0.72; 3.93;   50.67
25250;0.72; 3.98;   53.29
25260;0.72; 3.99;   53.90
25270;0.72; 3.86;   47.37
25280;0.72; 3.94;   51.21
25290;0.72; 3.94;   51.41
25300;0.72; 3.89;   49.04
25310;0.72; 3.93;   51.07
25320;0.72; 4.01;   55.38
25330;0.72; 3.88;   48.42
25340;0.72; 3.95;   52.08
25350;0.72; 3.95;   51.71
25360;0.72; 3.93;   50.93
25370;0.72; 3.92;   50.40
25380;0.72; 3.96;   52.61
25390;0.72; 4.04;   56.86
25400;0.72; 4.04;   57.01
25410;0.72; 4.09;   59.64
25420;0.72; 3.98;   53.64
25430;0.72; 3.97;   52.96
25440;0.72; 3.90;   49.48
25450;0.72; 3.88;   48.63
25460;0.72; 3.95;   52.07
25470;0.72; 3.97;   52.78
25480;0.72; 4.01;   54.88
25490;0.72; 4.06;   57.94
25500;0.72; 4.03;   56.07
25510;0.72; 3.90;   49.65
25520;0.72; 3.96;   52.63
25530;0.72; 3.78;   43.65
25540;0.72; 3.91;   49.68
25550;0.72; 3.92;   50.50
25560;0.72; 3.92;   50.21
25570;0.72; 3.83;   46.14
25580;0.72; 3.91;   49.72
25590;0.72; 3.95;   52.11
25600;0.72; 4.03;   56.37
25610;0.72; 3.96;   52.72
25620;0.72; 3.86;   47.69
25630;0.72; 3.87;   48.18
25640;0.72; 3.88;   48.54
25650;0.72; 3.83;   46.09
25660;0.72; 3.87;   47.95
25670;0.72; 3.93;   50.97
25680;0.72; 3.96;   52.44
25690;0.72; 3.93;   51.05
25700;0.72; 3.88;   48.45
25710;0.72; 3.82;   45.53
25720;0.72; 3.82;   45.56
25730;0.72; 3.90;   49.40
25740;0.72; 3.88;   48.66
25750;0.72; 3.91;   50.05
25760;0.72; 3.90;   49.26
25770;0.72; 3.85;   46.95
25780;0.72; 3.97;   52.96
25790;0.72; 3.96;   52.54
25800;0.72; 3.90;   49.55
25810;0.72; 3.82;   45.73
25820;0.72; 3.92;   50.65
25830;0.71; 3.92;   50.24
25840;0.71; 3.95;   51.75
25850;0.71; 3.85;   47.04
25860;0.71; 3.79;   44.41
25870;0.71; 3.82;   45.75
25880;0.71; 3.87;   47.76
25890;0.71; 3.97;   53.03
25900;0.71; 3.86;   47.50
25910;0.71; 3.82;   45.48
25920;0.71; 3.92;   50.21
25930;0.71; 3.92;   50.21
25940;0.71; 3.83;   46.10
25950;0.71; 3.97;   52.86
25960;0.71; 3.94;   51.47
25970;0.71; 3.89;   48.84
25980;0.71; 3.88;   48.28
25990;0.71; 3.85;   46.82
26000;0.71; 3.83;   45.95
26010;0.71; 3.91;   49.88
26020;0.71; 3.92;   50.57
26030;0.71; 3.88;   48.53
26040;0.71; 3.86;   47.40
26050;0.71; 3.77;   43.33
26060;0.71; 3.81;   45.29
26070;0.71; 3.69;   40.14
26080;0.71; 3.73;   41.88
26090;0.71; 3.92;   50.25
26100;0.71; 3.83;   46.02
26110;0.71; 3.92;   50.32
26120;0.71; 3.87;   47.76
26130;0.71; 3.99;   54.15
26140;0.71; 3.84;   46.53
26150;0.71; 3.89;   49.15
26160;0.71; 3.88;   48.55
26170;0.71; 3.97;   52.77
26180;0.71; 3.75;   42.43
26190;0.71; 3.83;   45.96
26200;0.71; 3.93;   50.80
26210;0.71; 3.82;   45.66
26220;0.71; 3.99;   54.18
26230;0.71; 4.05;   57.57
26240;0.71; 3.82;   45.72
26250;0.71; 3.86;   47.60
26260;0.71; 3.86;   47.35
26270;0.71; 3.91;   49.70
26280;0.71; 3.98;   53.65
26290;0.71; 3.89;   48.86
26300;0.71; 3.80;   44.78
26310;0.71; 3.84;   46.54
26320;0.71; 3.88;   48.46
26330;0.71; 3.81;   45.23
26340;0.71; 3.93;   50.78
26350;0.71; 3.93;   50.88
26360;0.71; 3.92;   50.47
26370;0.71; 3.92;   50.17
26380;0.71; 3.91;   49.87
26390;0.71; 3.84;   46.63
26400;0.71; 3.86;   47.41
26420;0.71; 4.28;   72.11
26430;0.71; 3.90;   49.59
26440;0.71; 3.93;   50.88
26450;0.71; 3.91;   50.12
26460;0.71; 3.92;   50.41
26470;0.71; 3.90;   49.42
26480;0.71; 3.85;   46.84
26490;0.71; 3.94;   51.42
26500;0.71; 3.99;   53.96
26510;0.71; 3.94;   51.47
26520;0.71; 3.93;   51.14
26530;0.71; 3.79;   44.45
26540;0.71; 3.86;   47.52
26550;0.71; 3.92;   50.45
26560;0.71; 3.92;   50.49
26570;0.70; 3.94;   51.37
26580;0.70; 3.92;   50.46
26590;0.70; 3.92;   50.47
26600;0.70; 3.93;   50.76
26610;0.70; 3.81;   45.22
26620;0.70; 3.85;   47.03
26630;0.70; 3.90;   49.24
26640;0.70; 3.96;   52.57
26650;0.70; 3.95;   51.85
26660;0.70; 3.82;   45.42
26670;0.70; 3.90;   49.24
26680;0.70; 3.91;   49.71
26690;0.70; 3.87;   48.03
26700;0.70; 3.92;   50.18
26710;0.70; 3.99;   54.32
26720;0.70; 3.85;   46.82
26730;0.70; 3.93;   50.75
26740;0.70; 3.91;   49.83
26750;0.70; 3.92;   50.26
26760;0.70; 3.91;   49.76
26770;0.70; 3.94;   51.62
26780;0.70; 4.01;   55.10
26790;0.70; 4.02;   55.77
26800;0.70; 4.06;   57.87
26810;0.70; 3.95;   52.01
26820;0.70; 3.93;   51.09
26830;0.70; 3.88;   48.44
26840;0.70; 3.87;   47.82
26850;0.70; 3.92;   50.65
26860;0.70; 3.93;   50.98
26870;0.70; 3.97;   52.79
26880;0.70; 4.04;   56.73
26890;0.70; 4.01;   55.29
26900;0.70; 3.86;   47.66
26910;0.70; 3.95;   51.99
26920;0.70; 3.75;   42.58
26930;0.70; 3.88;   48.45
26940;0.70; 3.88;   48.34
26950;0.70; 3.87;   47.85
26960;0.70; 3.80;   44.53
26970;0.70; 3.88;   48.20
26980;0.70; 3.92;   50.18
26990;0.70; 3.99;   54.24
27000;0.70; 3.93;   50.72
27010;0.70; 3.83;   46.14
27020;0.70; 3.86;   47.59
27030;0.70; 3.87;   47.75
27040;0.70; 3.81;   45.14
27050;0.70; 3.86;   47.42
27060;0.70; 3.91;   49.99
27070;0.70; 3.93;   50.68
27080;0.70; 3.90;   49.61
27090;0.70; 3.85;   47.18
27100;0.70; 3.79;   44.14
27110;0.70; 3.80;   44.79
27120;0.70; 3.88;   48.44
27130;0.70; 3.88;   48.25
27140;0.70; 3.89;   48.75
27150;0.70; 3.87;   47.79
27160;0.70; 3.83;   46.17
27170;0.70; 3.96;   52.50
27180;0.70; 3.96;   52.24
27190;0.70; 3.86;   47.68
27200;0.70; 3.80;   44.91
27210;0.70; 3.90;   49.39
27220;0.70; 3.87;   47.90
27230;0.70; 3.90;   49.59
27240;0.70; 3.81;   45.28
27250;0.70; 3.78;   43.73
27260;0.70; 3.78;   43.93
27270;0.70; 3.85;   47.16
27280;0.70; 3.93;   51.06
27290;0.70; 3.84;   46.31
27300;0.70; 3.78;   43.82
27310;0.70; 3.89;   48.74
27320;0.70; 3.88;   48.65
27330;0.70; 3.81;   45.04
27340;0.69; 3.94;   51.41
27350;0.69; 3.91;   49.85
27360;0.69; 3.85;   47.03
27370;0.69; 3.86;   47.31
27380;0.69; 3.79;   44.26
27390;0.69; 3.81;   45.06
27400;0.69; 3.88;   48.39
27410;0.69; 3.89;   49.10
27420;0.69; 3.83;   46.21
27430;0.69; 3.82;   45.58
27440;0.69; 3.73;   41.84
27450;0.69; 3.78;   43.68
27460;0.69; 3.66;   39.00
27470;0.69; 3.71;   40.96
27480;0.69; 3.88;   48.51
27490;0.69; 3.80;   44.66
27500;0.69; 3.90;   49.30
27510;0.69; 3.85;   47.21
27520;0.69; 3.96;   52.49
27530;0.69; 3.81;   45.31
27540;0.69; 3.86;   47.38
27550;0.69; 3.87;   47.79
27560;0.69; 3.96;   52.42
27570;0.69; 3.73;   41.63
27580;0.69; 3.80;   44.62
27590;0.69; 3.89;   48.87
27600;0.69; 3.81;   45.12
27610;0.69; 3.98;   53.58
27620;0.69; 4.03;   56.27
27630;0.69; 3.80;   44.63
27640;0.69; 3.84;   46.49
27650;0.69; 3.82;   45.80
27660;0.69; 3.85;   46.83
27670;0.69; 3.96;   52.30
27680;0.69; 3.85;   47.12
27690;0.69; 3.77;   43.31
27700;0.69; 3.81;   45.23
27710;0.69; 3.87;   48.14
27720;0.69; 3.79;   44.20
27730;0.69; 3.90;   49.44
27740;0.69; 3.89;   48.89
27750;0.69; 3.90;   49.37
27760;0.69; 3.89;   49.10
27770;0.69; 3.88;   48.55
27780;0.69; 3.81;   45.25
27790;0.69; 3.83;   46.14
27810;0.69; 4.25;   70.13
27820;0.69; 3.87;   48.06
27830;0.69; 3.91;   49.96
27840;0.69; 3.89;   49.10
27850;0.69; 3.90;   49.33
27860;0.69; 3.86;   47.70
27870;0.69; 3.80;   44.57
27880;0.69; 3.92;   50.49
27890;0.69; 3.97;   52.89
27900;0.69; 3.91;   50.10
27910;0.69; 3.90;   49.33
27920;0.69; 3.76;   43.03
27930;0.69; 3.86;   47.26
27940;0.69; 3.90;   49.65
27950;0.69; 3.91;   50.05
27960;0.69; 3.90;   49.37
27970;0.69; 3.89;   49.04
27980;0.69; 3.89;   48.80
27990;0.69; 3.91;   49.78
28000;0.69; 3.80;   44.51
28010;0.69; 3.83;   46.11
28020;0.69; 3.86;   47.60
28030;0.69; 3.93;   50.78
28040;0.69; 3.93;   50.87
28050;0.69; 3.80;   44.53
28060;0.69; 3.88;   48.55
28070;0.69; 3.88;   48.49
28080;0.69; 3.84;   46.44
28090;0.69; 3.87;   47.85
28100;0.69; 3.96;   52.57
28110;0.69; 3.82;   45.73
28120;0.69; 3.90;   49.64
28130;0.69; 3.87;   48.04
28140;0.68; 3.87;   48.08
28150;0.68; 3.87;   47.86
28160;0.68; 3.90;   49.49
28170;0.68; 3.99;   53.83
28180;0.68; 3.99;   54.10
28190;0.68; 4.02;   55.95
28200;0.68; 3.90;   49.23
28210;0.68; 3.90;   49.58
28220;0.68; 3.86;   47.24
28230;0.68; 3.83;   45.86
28240;0.68; 3.90;   49.34
28250;0.68; 3.92;   50.15
28260;0.68; 3.94;   51.32
28270;0.68; 4.01;   55.05
28280;0.68; 3.99;   53.80
28290;0.68; 3.84;   46.75
28300;0.68; 3.92;   50.50
28310;0.68; 3.72;   41.36
28320;0.68; 3.86;   47.49
28330;0.68; 3.86;   47.43
28340;0.68; 3.84;   46.54
28350;0.68; 3.77;   43.22
28360;0.68; 3.86;   47.48
28370;0.68; 3.90;   49.35
28380;0.68; 3.98;   53.30
28390;0.68; 3.91;   50.02
28400;0.68; 3.81;   45.37
28410;0.68; 3.84;   46.72
28420;0.68; 3.83;   46.04
28430;0.68; 3.78;   43.68
28440;0.68; 3.83;   46.05
28450;0.68; 3.86;   47.48
28460;0.68; 3.91;   49.76
28470;0.68; 3.89;   48.84
28480;0.68; 3.83;   46.04
28490;0.68; 3.78;   43.88
28500;0.68; 3.76;   42.99
28510;0.68; 3.84;   46.53
28520;0.68; 3.84;   46.44
28530;0.68; 3.86;   47.58
28540;0.68; 3.85;   47.12
28550;0.68; 3.81;   45.11
28560;0.68; 3.92;   50.65
28570;0.68; 3.91;   49.93
28580;0.68; 3.85;   46.86
28590;0.68; 3.77;   43.20
28600;0.68; 3.88;   48.51
28610;0.68; 3.85;   47.18
28620;0.68; 3.88;   48.45
28630;0.68; 3.79;   44.45
28640;0.68; 3.73;   41.55
28650;0.68; 3.78;   43.77
28660;0.68; 3.83;   46.25
28670;0.68; 3.90;   49.44
28680;0.68; 3.81;   44.95
28690;0.68; 3.78;   43.67
28700;0.68; 3.86;   47.51
28710;0.68; 3.85;   46.95
28720;0.68; 3.79;   44.04
28730;0.68; 3.90;   49.35
28740;0.68; 3.87;   47.71
28750;0.68; 3.82;   45.53
28760;0.68; 3.83;   46.11
28770;0.68; 3.78;   43.73
28780;0.68; 3.78;   43.70
28790;0.68; 3.86;   47.37
28800;0.68; 3.87;   48.11
28810;0.68; 3.82;   45.74
28820;0.68; 3.81;   45.06
28830;0.68; 3.71;   41.01
28840;0.68; 3.76;   42.97
28850;0.68; 3.63;   37.78
28860;0.68; 3.69;   40.00
28870;0.68; 3.86;   47.32
28880;0.68; 3.75;   42.70
28890;0.68; 3.86;   47.25
28900;0.68; 3.81;   45.34
28910;0.68; 3.93;   50.88
28920;0.68; 3.79;   44.13
28930;0.68; 3.83;   46.07
28940;0.68; 3.82;   45.52
28950;0.68; 3.92;   50.41
28960;0.68; 3.71;   40.72
28970;0.68; 3.78;   43.95
28980;0.67; 3.87;   47.97
28990;0.67; 3.78;   43.74
29000;0.67; 3.94;   51.49
29010;0.67; 4.00;   54.74
29020;0.67; 3.77;   43.37
29030;0.67; 3.82;   45.60
29040;0.67; 3.81;   45.13
29050;0.67; 3.83;   46.09
29060;0.67; 3.93;   50.97
29070;0.67; 3.81;   45.33
29080;0.67; 3.75;   42.52
29090;0.67; 3.80;   44.81
29100;0.67; 3.83;   46.06
29110;0.67; 3.77;   43.52
29120;0.67; 3.87;   48.08
29130;0.67; 3.88;   48.33
29140;0.67; 3.87;   47.74
29150;0.67; 3.86;   47.31
29160;0.67; 3.85;   47.03
29170;0.67; 3.78;   43.95
29180;0.67; 3.81;   44.97
29200;0.67; 4.21;   67.24
29210;0.67; 3.85;   46.97
29220;0.67; 3.90;   49.33
29230;0.67; 3.86;   47.63
29240;0.67; 3.86;   47.63
29250;0.67; 3.84;   46.32
29260;0.67; 3.77;   43.41
29270;0.67; 3.88;   48.48
29280;0.67; 3.95;   51.77
29290;0.67; 3.88;   48.54
29300;0.67; 3.88;   48.30
29310;0.67; 3.74;   41.89
29320;0.67; 3.82;   45.77
29330;0.67; 3.87;   48.10
29340;0.67; 3.86;   47.58
29350;0.67; 3.86;   47.65
29360;0.67; 3.86;   47.26
29370;0.67; 3.86;   47.31
29380;0.67; 3.87;   47.93
29390;0.67; 3.77;   43.41
29400;0.67; 3.81;   44.94
29410;0.67; 3.84;   46.54
29420;0.67; 3.89;   49.13
29430;0.67; 3.89;   48.97
29440;0.67; 3.77;   43.53
29450;0.67; 3.84;   46.53
29460;0.67; 3.86;   47.59
29470;0.67; 3.81;   45.26
29480;0.67; 3.85;   46.89
29490;0.67; 3.93;   51.01
29500;0.67; 3.80;   44.48
29510;0.67; 3.88;   48.62
29520;0.67; 3.86;   47.70
29530;0.67; 3.85;   47.04
29540;0.67; 3.84;   46.71
29550;0.67; 3.88;   48.43
29560;0.67; 3.94;   51.52
29570;0.67; 3.97;   52.94
29580;0.67; 4.00;   54.66
29590;0.67; 3.90;   49.37
29600;0.67; 3.87;   47.86
29610;0.67; 3.82;   45.52
29620;0.67; 3.81;   44.95
29630;0.67; 3.88;   48.22
29640;0.67; 3.87;   48.01
29650;0.67; 3.92;   50.34
29660;0.67; 3.99;   53.81
29670;0.67; 3.95;   51.81
29680;0.67; 3.82;   45.56
29690;0.67; 3.90;   49.27
29700;0.67; 3.70;   40.46
29710;0.67; 3.82;   45.50
29720;0.67; 3.84;   46.41
29730;0.67; 3.82;   45.41
29740;0.67; 3.72;   41.47
29750;0.67; 3.83;   46.10
29760;0.67; 3.86;   47.28
29770;0.67; 3.95;   52.06
29780;0.67; 3.90;   49.16
29790;0.67; 3.80;   44.48
29800;0.67; 3.81;   44.95
29810;0.67; 3.80;   44.77
29820;0.67; 3.77;   43.39
29830;0.67; 3.80;   44.51
29840;0.67; 3.85;   47.21
29850;0.67; 3.88;   48.49
29860;0.66; 3.86;   47.25
29870;0.66; 3.80;   44.85
29880;0.66; 3.74;   42.10
29890;0.66; 3.74;   42.07
29900;0.66; 3.82;   45.64
29910;0.66; 3.83;   45.87
29920;0.66; 3.85;   46.81
29930;0.66; 3.82;   45.42
29940;0.66; 3.76;   42.80
29950;0.66; 3.91;   50.05
29960;0.66; 3.88;   48.57
29970;0.66; 3.82;   45.45
29980;0.66; 3.74;   42.10
29990;0.66; 3.85;   47.17
30000;0.66; 3.83;   46.26
30010;0.66; 3.85;   47.13
30020;0.66; 3.78;   43.74
30030;0.66; 3.73;   41.59
30040;0.66; 3.74;   42.18
30050;0.66; 3.81;   45.06
30060;0.66; 3.88;   48.34
30070;0.66; 3.78;   43.73
30080;0.66; 3.73;   41.73
30090;0.66; 3.84;   46.32
30100;0.66; 3.83;   46.12
30110;0.66; 3.75;   42.39
30120;0.66; 3.87;   48.09
30130;0.66; 3.86;   47.65
30140;0.66; 3.79;   44.43
30150;0.66; 3.81;   44.95
30160;0.66; 3.75;   42.45
30170;0.66; 3.74;   41.89
30180;0.66; 3.84;   46.40
30190;0.66; 3.84;   46.39
30200;0.66; 3.80;   44.83
30210;0.66; 3.78;   44.02
30220;0.66; 3.68;   39.82
30230;0.66; 3.73;   41.60
30240;0.66; 3.61;   37.05
30250;0.66; 3.66;   38.99
30260;0.66; 3.84;   46.42
30270;0.66; 3.75;   42.43
30280;0.66; 3.84;   46.56
30290;0.66; 3.80;   44.59
30300;0.66; 3.90;   49.36
30310;0.66; 3.74;   42.24
30320;0.66; 3.80;   44.60
30330;0.66; 3.80;   44.60
30340;0.66; 3.90;   49.16
30350;0.66; 3.69;   39.96
30360;0.66; 3.76;   43.00
30370;0.66; 3.84;   46.74
30380;0.66; 3.76;   43.03
30390;0.66; 3.91;   49.98
30400;0.66; 3.97;   53.20
30410;0.66; 3.74;   42.25
30420;0.66; 3.77;   43.41
30430;0.66; 3.78;   43.84
30440;0.66; 3.81;   44.96
30450;0.66; 3.91;   49.73
30460;0.66; 3.78;   43.82
30470;0.66; 3.72;   41.07
30480;0.66; 3.76;   43.13
30490;0.66; 3.81;   45.00
30500;0.66; 3.74;   41.99
30510;0.66; 3.85;   46.91
30520;0.66; 3.85;   47.14
30530;0.66; 3.84;   46.62
30540;0.66; 3.84;   46.64
30550;0.66; 3.83;   45.87
30560;0.66; 3.76;   43.12
30570;0.66; 3.79;   44.28
30590;0.66; 4.19;   65.80
30600;0.66; 3.81;   45.23
30610;0.66; 3.85;   47.18
30620;0.66; 3.84;   46.70
30630;0.66; 3.83;   46.22
30640;0.66; 3.82;   45.51
30650;0.66; 3.75;   42.50
30660;0.66; 3.87;   47.98
30670;0.66; 3.90;   49.27
30680;0.66; 3.86;   47.33
30690;0.66; 3.86;   47.56
30700;0.66; 3.71;   40.97
30710;0.66; 3.80;   44.78
30720;0.66; 3.84;   46.69
30730;0.66; 3.84;   46.41
30740;0.66; 3.84;   46.73
30750;0.66; 3.83;   46.15
30760;0.66; 3.83;   46.02
30770;0.66; 3.86;   47.39
30780;0.65; 3.74;   41.95
30790;0.65; 3.78;   43.81
30800;0.65; 3.83;   46.02
30810;0.65; 3.87;   48.10
30820;0.65; 3.88;   48.32
30830;0.65; 3.74;   42.13
30840;0.65; 3.84;   46.30
30850;0.65; 3.83;   46.27
30860;0.65; 3.78;   43.92
30870;0.65; 3.83;   45.98
30880;0.65; 3.91;   50.03
30890;0.65; 3.77;   43.17
30900;0.65; 3.85;   46.83
30910;0.65; 3.84;   46.69
30920;0.65; 3.83;   46.03
30930;0.65; 3.82;   45.60
30940;0.65; 3.83;   46.23
30950;0.65; 3.93;   51.14
30960;0.65; 3.94;   51.44
30970;0.65; 3.96;   52.60
30980;0.65; 3.87;   47.91
30990;0.65; 3.86;   47.36
31000;0.65; 3.80;   44.48
31010;0.65; 3.78;   43.73
31020;0.65; 3.85;   46.83
31030;0.65; 3.85;   47.09
31040;0.65; 3.88;   48.35
31050;0.65; 3.95;   52.03
31060;0.65; 3.92;   50.45
31070;0.65; 3.79;   44.35
31080;0.65; 3.88;   48.40
31090;0.65; 3.66;   39.00
31100;0.65; 3.80;   44.92
31110;0.65; 3.81;   45.31
31120;0.65; 3.79;   44.23
31130;0.65; 3.72;   41.35
31140;0.65; 3.80;   44.83
31150;0.65; 3.85;   47.03
31160;0.65; 3.91;   50.03
31170;0.65; 3.87;   48.12
31180;0.65; 3.75;   42.69
31190;0.65; 3.78;   43.81
31200;0.65; 3.79;   44.33
31210;0.65; 3.73;   41.88
31220;0.65; 3.76;   43.00
31230;0.65; 3.83;   45.87
31240;0.65; 3.86;   47.39
31250;0.65; 3.84;   46.37
31260;0.65; 3.79;   44.41
31270;0.65; 3.72;   41.36
31280;0.65; 3.72;   41.07
31290;0.65; 3.81;   45.13
31300;0.65; 3.80;   44.56
31310;0.65; 3.81;   45.06
31320;0.65; 3.79;   44.45
31330;0.65; 3.75;   42.47
31340;0.65; 3.88;   48.22
31350;0.65; 3.87;   47.70
31360;0.65; 3.79;   44.27
31370;0.65; 3.71;   40.77
31380;0.65; 3.83;   45.84
31390;0.65; 3.81;   45.30
31400;0.65; 3.83;   46.03
31410;0.65; 3.74;   42.01
31420;0.65; 3.69;   40.15
31430;0.65; 3.71;   40.75
31440;0.65; 3.76;   42.93
31450;0.65; 3.86;   47.40
31460;0.65; 3.75;   42.35
31470;0.65; 3.72;   41.42
31480;0.65; 3.83;   45.86
31490;0.65; 3.80;   44.92
31500;0.65; 3.73;   41.52
31510;0.65; 3.86;   47.42
31520;0.65; 3.82;   45.73
31530;0.65; 3.78;   43.92
31540;0.65; 3.79;   44.06
31550;0.65; 3.73;   41.50
31560;0.65; 3.73;   41.58
31570;0.65; 3.80;   44.83
31580;0.65; 3.82;   45.49
31590;0.65; 3.78;   43.71
31600;0.65; 3.76;   42.76
31610;0.65; 3.66;   38.95
31620;0.65; 3.72;   41.21
31630;0.65; 3.60;   36.49
31640;0.65; 3.64;   38.13
31650;0.65; 3.81;   45.24
31660;0.65; 3.71;   41.02
31670;0.65; 3.82;   45.41
31680;0.65; 3.76;   43.08
31690;0.65; 3.87;   47.77
31700;0.65; 3.74;   42.04
31710;0.65; 3.79;   44.14
31720;0.65; 3.78;   43.84
31730;0.65; 3.88;   48.51
31740;0.64; 3.65;   38.50
31750;0.64; 3.72;   41.44
31760;0.64; 3.81;   45.02
31770;0.64; 3.73;   41.56
31780;0.64; 3.87;   47.84
31790;0.64; 3.94;   51.56
31800;0.64; 3.73;   41.50
31810;0.64; 3.78;   43.64
31820;0.64; 3.75;   42.59
31830;0.64; 3.79;   44.26
31840;0.64; 3.87;   48.07
31850;0.64; 3.77;   43.49
31860;0.64; 3.71;   40.86
31870;0.64; 3.74;   42.03
31880;0.64; 3.79;   44.45
31890;0.64; 3.72;   41.44
31900;0.64; 3.82;   45.45
31910;0.64; 3.82;   45.61
31920;0.64; 3.81;   45.18
31930;0.64; 3.81;   44.98
31940;0.64; 3.81;   45.01
31950;0.64; 3.72;   41.33
31960;0.64; 3.76;   42.85
31980;0.64; 4.17;   64.81
31990;0.64; 3.80;   44.65
32000;0.64; 3.85;   46.90
32010;0.64; 3.81;   45.13
32020;0.64; 3.82;   45.50
32030;0.64; 3.78;   43.84
32040;0.64; 3.75;   42.42
32050;0.64; 3.87;   47.89
32060;0.64; 3.88;   48.19
32070;0.64; 3.83;   46.21
32080;0.64; 3.83;   46.20
32090;0.64; 3.69;   40.07
32100;0.64; 3.78;   43.92
32110;0.64; 3.82;   45.39
32120;0.64; 3.83;   45.91
32130;0.64; 3.81;   45.19
32140;0.64; 3.81;   45.37
32150;0.64; 3.80;   44.75
32160;0.64; 3.82;   45.49
32170;0.64; 3.71;   40.76
32180;0.64; 3.77;   43.49
32190;0.64; 3.80;   44.50
32200;0.64; 3.87;   47.73
32210;0.64; 3.83;   46.14
32220;0.64; 3.72;   41.31
32230;0.64; 3.80;   44.82
32240;0.64; 3.80;   44.73
32250;0.64; 3.75;   42.46
32260;0.64; 3.81;   45.25
32270;0.64; 3.88;   48.42
32280;0.64; 3.75;   42.45
32290;0.64; 3.83;   46.23
32300;0.64; 3.81;   44.93
32310;0.64; 3.81;   45.29
32320;0.64; 3.80;   44.83
32330;0.64; 3.81;   45.00
32340;0.64; 3.91;   49.68
32350;0.64; 3.91;   49.68
32360;0.64; 3.94;   51.54
32370;0.64; 3.85;   46.87
32380;0.64; 3.83;   45.90
32390;0.64; 3.77;   43.21
32400;0.64; 3.75;   42.70
32410;0.64; 3.83;   46.25
32420;0.64; 3.82;   45.73
32430;0.64; 3.85;   46.95
32440;0.64; 3.92;   50.62
32450;0.64; 3.92;   50.43
32460;0.64; 3.77;   43.39
32470;0.64; 3.87;   47.72
32480;0.64; 3.64;   38.03
32490;0.64; 3.78;   43.79
32500;0.64; 3.79;   44.32
32510;0.64; 3.76;   43.16
32520;0.64; 3.68;   39.50
32530;0.64; 3.77;   43.30
32540;0.64; 3.83;   45.87
32550;0.64; 3.89;   48.92
32560;0.64; 3.83;   46.08
32570;0.64; 3.73;   41.87
32580;0.64; 3.76;   43.05
32590;0.64; 3.75;   42.57
32600;0.64; 3.71;   40.96
32610;0.64; 3.76;   42.95
32620;0.64; 3.79;   44.46
32630;0.64; 3.82;   45.43
32640;0.64; 3.80;   44.75
32650;0.64; 3.74;   42.26
32660;0.64; 3.70;   40.54
32670;0.64; 3.69;   40.12
32680;0.64; 3.79;   44.24
32690;0.64; 3.76;   43.12
32700;0.64; 3.79;   44.30
32710;0.64; 3.76;   43.13
32720;0.64; 3.74;   41.92
32730;0.64; 3.85;   47.02
32740;0.64; 3.84;   46.50
32750;0.63; 3.78;   43.99
32760;0.63; 3.69;   39.96
32770;0.63; 3.80;   44.76
32780;0.63; 3.77;   43.41
32790;0.63; 3.81;   45.30
32800;0.63; 3.72;   41.44
32810;0.63; 3.65;   38.54
32820;0.63; 3.70;   40.49
32830;0.63; 3.75;   42.42
32840;0.63; 3.84;   46.38
32850;0.63; 3.73;   41.83
32860;0.63; 3.70;   40.43
32870;0.63; 3.79;   44.39
32880;0.63; 3.78;   43.68
32890;0.63; 3.70;   40.35
32900;0.63; 3.83;   45.93
32910;0.63; 3.80;   44.63
32920;0.63; 3.77;   43.37
32930;0.63; 3.76;   43.09
32940;0.63; 3.70;   40.39
32950;0.63; 3.70;   40.38
32960;0.63; 3.78;   43.81
32970;0.63; 3.79;   44.11
32980;0.63; 3.77;   43.49
32990;0.63; 3.73;   41.83
33000;0.63; 3.64;   38.28
33010;0.63; 3.68;   39.77
33020;0.63; 3.57;   35.38
33030;0.63; 3.63;   37.57
33040;0.63; 3.81;   45.00
33050;0.63; 3.70;   40.35
33060;0.63; 3.78;   43.90
33070;0.63; 3.76;   43.02
33080;0.63; 3.85;   46.99
33090;0.63; 3.71;   40.69
33100;0.63; 3.76;   43.03
33110;0.63; 3.75;   42.44
33120;0.63; 3.84;   46.72
33130;0.63; 3.64;   38.13
33140;0.63; 3.71;   41.03
33150;0.63; 3.79;   44.19
33160;0.63; 3.70;   40.38
33170;0.63; 3.86;   47.55
33180;0.63; 3.93;   50.91
33190;0.63; 3.70;   40.31
33200;0.63; 3.74;   42.25
33210;0.63; 3.72;   41.12
33220;0.63; 3.75;   42.66
33230;0.63; 3.85;   47.21
33240;0.63; 3.75;   42.58
33250;0.63; 3.68;   39.54
33260;0.63; 3.72;   41.35
33270;0.63; 3.78;   43.64
33280;0.63; 3.69;   39.90
33290;0.63; 3.79;   44.45
33300;0.63; 3.79;   44.11
33310;0.63; 3.79;   44.44
33320;0.63; 3.79;   44.34
33330;0.63; 3.77;   43.46
33340;0.63; 3.71;   40.84
33350;0.63; 3.74;   42.09
33370;0.63; 4.14;   62.92
33380;0.63; 3.77;   43.21
33390;0.63; 3.82;   45.53
33400;0.63; 3.79;   44.27
33410;0.63; 3.80;   44.65
33420;0.63; 3.78;   43.70
33430;0.63; 3.71;   40.73
33440;0.63; 3.83;   45.87
33450;0.63; 3.86;   47.55
33460;0.63; 3.81;   45.01
33470;0.63; 3.81;   45.15
33480;0.63; 3.69;   40.13
33490;0.63; 3.75;   42.47
33500;0.63; 3.79;   44.20
33510;0.63; 3.79;   44.40
33520;0.63; 3.78;   43.85
33530;0.63; 3.80;   44.56
33540;0.63; 3.77;   43.20
33550;0.63; 3.80;   44.71
33560;0.63; 3.69;   40.18
33570;0.63; 3.73;   41.59
33580;0.63; 3.76;   43.14
33590;0.63; 3.82;   45.64
33600;0.63; 3.81;   45.28
33610;0.63; 3.71;   40.84
33620;0.63; 3.78;   43.97
33630;0.63; 3.79;   44.21
33640;0.63; 3.74;   42.14
33650;0.63; 3.79;   44.46
33660;0.63; 3.85;   46.84
33670;0.63; 3.73;   41.84
33680;0.63; 3.80;   44.56
33690;0.63; 3.78;   43.91
33700;0.63; 3.79;   44.25
33710;0.63; 3.78;   43.90
33720;0.63; 3.81;   45.26
33730;0.63; 3.89;   49.01
33740;0.63; 3.87;   48.16
33750;0.63; 3.91;   49.96
33760;0.63; 3.82;   45.78
33770;0.63; 3.79;   44.12
33780;0.63; 3.75;   42.33
33790;0.63; 3.74;   41.90
33800;0.62; 3.81;   44.99
33810;0.62; 3.81;   45.23
33820;0.62; 3.84;   46.38
33830;0.62; 3.91;   49.86
33840;0.62; 3.88;   48.22
33850;0.62; 3.75;   42.48
33860;0.62; 3.82;   45.73
33870;0.62; 3.63;   37.61
33880;0.62; 3.73;   41.65
33890;0.62; 3.77;   43.49
33900;0.62; 3.72;   41.41
33910;0.62; 3.67;   39.15
33920;0.62; 3.76;   43.04
33930;0.62; 3.80;   44.87
33940;0.62; 3.87;   47.80
33950;0.62; 3.81;   45.31
33960;0.62; 3.71;   40.73
33970;0.62; 3.73;   41.72
33980;0.62; 3.74;   42.21
33990;0.62; 3.69;   40.07
34000;0.62; 3.73;   41.70
34010;0.62; 3.76;   43.03
34020;0.62; 3.80;   44.67
34030;0.62; 3.78;   43.86
34040;0.62; 3.74;   41.93
34050;0.62; 3.68;   39.69
34060;0.62; 3.67;   39.35
34070;0.62; 3.76;   42.76
34080;0.62; 3.73;   41.79
34090;0.62; 3.77;   43.29
34100;0.62; 3.75;   42.45
34110;0.62; 3.71;   40.72
34120;0.62; 3.83;   46.19
34130;0.62; 3.80;   44.75
34140;0.62; 3.76;   42.95
34150;0.62; 3.67;   39.13
34160;0.62; 3.79;   44.32
34170;0.62; 3.76;   42.87
34180;0.62; 3.77;   43.56
34190;0.62; 3.71;   40.80
34200;0.62; 3.63;   37.90
34210;0.62; 3.67;   39.21
34220;0.62; 3.73;   41.49
34230;0.62; 3.79;   44.05
34240;0.62; 3.71;   41.05
34250;0.62; 3.67;   39.35
34260;0.62; 3.76;   43.14
34270;0.62; 3.76;   42.98
34280;0.62; 3.68;   39.66
34290;0.62; 3.81;   45.00
34300;0.62; 3.78;   43.88
34310;0.62; 3.72;   41.38
34320;0.62; 3.73;   41.86
34330;0.62; 3.67;   39.24
34340;0.62; 3.69;   40.21
34350;0.62; 3.76;   42.90
34360;0.62; 3.76;   42.78
34370;0.62; 3.74;   42.04
34380;0.62; 3.71;   41.03
34390;0.62; 3.62;   37.50
34400;0.62; 3.67;   39.36
34410;0.62; 3.54;   34.60
34420;0.62; 3.60;   36.58
34430;0.62; 3.76;   43.15
34440;0.62; 3.68;   39.77
34450;0.62; 3.77;   43.17
34460;0.62; 3.73;   41.69
34470;0.62; 3.83;   46.03
34480;0.62; 3.68;   39.73
34490;0.62; 3.74;   41.91
34500;0.62; 3.73;   41.56
34510;0.62; 3.82;   45.56
34520;0.62; 3.61;   36.86
34530;0.62; 3.68;   39.62
34540;0.62; 3.78;   43.64
34550;0.62; 3.68;   39.59
34560;0.62; 3.84;   46.54
34570;0.62; 3.91;   50.11
34580;0.62; 3.67;   39.08
34590;0.62; 3.72;   41.40
34600;0.62; 3.71;   40.90
34610;0.62; 3.74;   42.16
34620;0.62; 3.83;   45.95
34630;0.62; 3.71;   41.04
34640;0.62; 3.66;   38.99
34650;0.62; 3.71;   40.96
34660;0.62; 3.76;   42.82
34670;0.62; 3.68;   39.61
34680;0.62; 3.77;   43.36
34690;0.62; 3.79;   44.14
34700;0.62; 3.77;   43.43
34710;0.62; 3.77;   43.35
34720;0.62; 3.77;   43.52
34730;0.62; 3.70;   40.59
34740;0.62; 3.70;   40.51
